username;date;retweets;favorites;text;geo;mentions;hashtags;id;permalink
;2017-01-30 11:14;4;23;"Yes – the bill will have strong support and good prospects for passage.";;;;"826116302456705024";https://twitter.com/Rep_Hunter/status/826116302456705024
;2017-01-27 09:22;1;14;"@Judd6197606247 it’s been introduced as HR 38 and I’m an original cosponsor.";;@Judd6197606247;;"825001140660031488";https://twitter.com/Rep_Hunter/status/825001140660031488
;2017-01-10 15:01;26;110;"Even though we disagree, we're still friends @LacyClayMO1 pic.twitter.com/rzID8j5ZHm";;@LacyClayMO1;;"818925769250504704";https://twitter.com/Rep_Hunter/status/818925769250504704
;2016-12-14 09:36;7;36;"An effort I’m proud to join.";;;;"809059449646284800";https://twitter.com/Rep_Hunter/status/809059449646284800
;2016-11-29 09:20;67;132;"Great candidates for VA Sec, including @PeteHegseth . VA in need of a drastic transformation.";;@PeteHegseth;;"803619695345549312";https://twitter.com/Rep_Hunter/status/803619695345549312
;2016-07-05 10:52;7;22;"Thanks for reaching out. Wes Schermann in my El Cajon office is the contact. 619-448-5201.";;;;"750356692790108160";https://twitter.com/Rep_Hunter/status/750356692790108160
;2016-05-18 14:47;153;277;". @sdut Let’s make America great again. Stop hating on the SD border fence. pic.twitter.com/GqdRmF1ZAQ";;@sdut;;"733021194425929728";https://twitter.com/Rep_Hunter/status/733021194425929728
;2015-07-27 09:42;9;27;"@mobahjat thank you. Let’s keep up the fight.";;@mobahjat;;"625677760720191488";https://twitter.com/Rep_Hunter/status/625677760720191488
;2015-07-09 09:35;468;491;"Cut funding to sanctuary cities. Hit them where it hurts. http:// bit.ly/1eJ6eQe";;;;"619152961864925184";https://twitter.com/Rep_Hunter/status/619152961864925184
;2015-03-10 13:57;5;9;"@DesertRiver I don’t support the ban. Signed a letter opposing it, too.";;@DesertRiver;;"575369841294589953";https://twitter.com/Rep_Hunter/status/575369841294589953
;2015-02-18 11:27;36;38;"Strip service secretary authority to revoke valor medals. Here’s why. http:// tinyurl.com/m3zy3mh";;;;"568099611941974016";https://twitter.com/Rep_Hunter/status/568099611941974016
;2015-02-11 13:05;21;20;"More on Army’s treatment of Matt Golsteyn. This one includes an MoH recipient. Writing with Bing West: http:// tinyurl.com/k86ltoa";;;;"565587458587627523";https://twitter.com/Rep_Hunter/status/565587458587627523
;2015-02-06 09:25;113;75;"Feature: Army Major Betrayed by cowardly leaders. A must read. http:// freebeacon.com/national-secur ity/afghanistan-war-hero-stripped-of-silver-star/ …";;;;"563720184117362688";https://twitter.com/Rep_Hunter/status/563720184117362688
;2015-02-04 15:27;33;20;"Top Special Forces soldier has valor awards revoked. http:// tinyurl.com/ke4lpmc .";;;;"563086521105125376";https://twitter.com/Rep_Hunter/status/563086521105125376
;2015-02-03 09:01;128;76;"Many soldiers have difficulty trusting their leadership. Here’s why: http:// thebea.st/1zCbFrN";;;;"562627022116388864";https://twitter.com/Rep_Hunter/status/562627022116388864
;2015-01-27 12:49;76;63;"A border security bill with no fencing? No way.";;;;"560147721563418624";https://twitter.com/Rep_Hunter/status/560147721563418624
;2015-01-20 11:28;129;116;"For tonight's State of the Union, I'll be joined by Andrew Tahmooressi. I'm honored to have him as a guest.";;;;"557590623239565312";https://twitter.com/Rep_Hunter/status/557590623239565312
;2015-01-15 14:10;10;5;"@gCaptain : Congressman Duncan Hunter Implores Senate Leadership to Support Jones Act. http:// tinyurl.com/mf5pzls";;@gCaptain;;"555819209385857027";https://twitter.com/Rep_Hunter/status/555819209385857027
;2014-11-13 09:20;18;16;"SEALs in Bin Laden raid are heroes but Team Obama should have “shut up.” @fxnopinion http:// tinyurl.com/qx8pvjd";;@fxnopinion;;"532915874278420481";https://twitter.com/Rep_Hunter/status/532915874278420481
;2014-10-16 14:43;4;11;"Thanks Honeywell for hosting me at the FMA Live! show. Great opportunity to enhance STEM education for our youth. pic.twitter.com/wkceyNEsyk";;;;"522835132680380416";https://twitter.com/Rep_Hunter/status/522835132680380416
;2014-10-10 13:48;4;4;"Jaenichen: NASSCO has several Jones Act ships under construction, including the first ever LNG powered container ship http:// tinyurl.com/o25bxlr";;;;"520646998358495232";https://twitter.com/Rep_Hunter/status/520646998358495232
;2014-10-06 11:39;10;4;"@marclstein @Montel_Williams @RepMattSalmon @PressSec Nothing substantive. Hurts to say- @statedeptspox doesn’t care about Andrew. But we do";;@marclstein @Montel_Williams @RepMattSalmon @PressSec @statedeptspox;;"519165028738793473";https://twitter.com/Rep_Hunter/status/519165028738793473
;2014-10-06 10:37;3;2;"@marclstein @Montel_Williams @RepMattSalmon @PressSec Nothing substantive. Hurts to say— @statedeptspox doesn’t care about Andrew. But we do.";;@marclstein @Montel_Williams @RepMattSalmon @PressSec @statedeptspox;;"519149401990651904";https://twitter.com/Rep_Hunter/status/519149401990651904
;2014-10-06 10:29;30;19;"@marclstein @RepMattSalmon @Montel_Williams Hoping Andrew will be home in < 2 weeks. If not—time to ratchet up even more.";;@marclstein @RepMattSalmon @Montel_Williams;;"519147564185419776";https://twitter.com/Rep_Hunter/status/519147564185419776
;2014-10-06 10:26;47;32;"Inspirational testimony on Andrew Tahmooressi last week from @montel_williams #MarineHeldInMexico http:// tinyurl.com/ko2arjk";;@montel_williams;#MarineHeldInMexico;"519146672333783040";https://twitter.com/Rep_Hunter/status/519146672333783040
;2014-10-01 14:03;52;49;"Thank you @RepMattSalmon for making Sgt. Tahmooressi a priority and convening this important hearing today http:// tinyurl.com/obqja3t";;@RepMattSalmon;;"517389296744300544";https://twitter.com/Rep_Hunter/status/517389296744300544
;2014-10-01 12:42;150;111;"I'm asking #obama to not just pick up the phone, but to care about a Marine who put his life on the line for our country #MarineHeldinMexico";;;#obama #MarineHeldinMexico;"517368849252237312";https://twitter.com/Rep_Hunter/status/517368849252237312
;2014-09-17 14:02;2;2;"Great start to the day at the @AMPmaritime meeting on the importance of the #JonesAct pic.twitter.com/cOlFYrVr8p";;@AMPmaritime;#JonesAct;"512315728943669251";https://twitter.com/Rep_Hunter/status/512315728943669251
;2014-09-10 13:55;2;6;"Enjoyed speaking to the @SDchamber this morning about San Diego’s priorities with @RepSusanDavis #SDinDC pic.twitter.com/dEX2Ut2YpE";;@SDchamber @RepSusanDavis;#SDinDC;"509777091190341632";https://twitter.com/Rep_Hunter/status/509777091190341632
;2014-09-04 11:44;2;4;"Time for Better Options for Rescuing US Hostages http:// tinyurl.com/o2mhgur";;;;"507569848583733248";https://twitter.com/Rep_Hunter/status/507569848583733248
;2014-08-27 11:38;6;1;"@asmMelendez in the fight on #Tahmooressi #MarineHeldinMexic . Presents letter to Mexican Pres yesterday.";;@asmMelendez;#Tahmooressi #MarineHeldinMexic;"504669223885746176";https://twitter.com/Rep_Hunter/status/504669223885746176
;2014-08-27 10:39;30;12;"Obama Fiddles While Marine Sits In Mexican Jail Cell #MarineHeldInMexico #Tahmooressi http:// tinyurl.com/k5azm5q";;;#MarineHeldInMexico #Tahmooressi;"504654386568896512";https://twitter.com/Rep_Hunter/status/504654386568896512
;2014-08-27 10:35;2;1;"Community Health Institute of the National Association of Community Health Centers, welcome to San Diego. #NACHCCHI2014 @SDClinics";;@SDClinics;#NACHCCHI2014;"504653550287589376";https://twitter.com/Rep_Hunter/status/504653550287589376
;2014-08-27 09:50;10;8;"Hunter on Breitbart: Obama Fiddles, Marine Sits In Mexican Jail Cell #MarineHeldinMexico #Tahmooressi http:// tinyurl.com/k5azm5q";;;#MarineHeldinMexico #Tahmooressi;"504642135032074241";https://twitter.com/Rep_Hunter/status/504642135032074241
;2014-08-19 12:52;56;27;"Don’t leave Tahmooressi behind, Mr. President. http:// tinyurl.com/p22d9z5";;;;"501788936835170304";https://twitter.com/Rep_Hunter/status/501788936835170304
;2014-06-04 12:42;369;191;"If #Obama can free a soldier from across the globe, why hasn’t he made a phone call for a former Marine being held across the border?";;;#Obama;"474244850314137600";https://twitter.com/Rep_Hunter/status/474244850314137600
;2014-06-03 09:12;5;3;"@PressSec Jay Carney. Clarification: Always fearful you would deal—stated to President on March 13. Hagel on Feb 20. http:// wapo.st/1iNjD5o";;@PressSec;;"473829634485002240";https://twitter.com/Rep_Hunter/status/473829634485002240
;2014-05-22 15:32;3;3;"May is "Your Traffic Safety Month". Talk to your kids about safe driving @IKnowEverything";;@IKnowEverything;;"469576609708908548";https://twitter.com/Rep_Hunter/status/469576609708908548
;2014-05-08 12:21;38;22;"Mexico’s AG asked by House members to intervene in case of jailed Marine: http:// tinyurl.com/m3xy89n";;;;"464455170546728961";https://twitter.com/Rep_Hunter/status/464455170546728961
;2014-05-05 16:03;29;14;"I’ll say it again—Sec. Shinseki needs to go. Right call from American Legion. http:// tinyurl.com/ngetzdh";;;;"463423747081633792";https://twitter.com/Rep_Hunter/status/463423747081633792
;2014-05-01 12:33;2;3;"@nytimes funny. Wrong Duncan Hunter, but that’s okay—facts don’t seem to matter. Why change now? http:// tinyurl.com/mjpgmj7";;@nytimes;;"461921433133010944";https://twitter.com/Rep_Hunter/status/461921433133010944
;2014-05-01 12:31;0;3;"@andyrNYT , funny. Wrong Duncan Hunter, but that’s okay—facts don’t seem to matter. why stop now? http:// tinyurl.com/mjpgmj7";;@andyrNYT;;"461920897696563201";https://twitter.com/Rep_Hunter/status/461920897696563201
;2014-04-21 12:44;3;1;"@theblaze : The software you've never heard about that could have saved soldiers' lives- So why did the army stop it? http:// tinyurl.com/lztlx9w";;@theblaze;;"458300295974776832";https://twitter.com/Rep_Hunter/status/458300295974776832
;2014-04-18 09:40;53;17;"Apology owed to vets by @nytimes . My @theblaze commentary w @PeteHegseth @ConceredVets: http:// tinyurl.com/k6wpr5f";;@nytimes @theblaze @PeteHegseth @ConceredVets;;"457166672965955584";https://twitter.com/Rep_Hunter/status/457166672965955584
;2014-04-15 13:16;0;8;"Group photo from Real Time with @billmaher pic.twitter.com/BoJ7vF2PKK";;@billmaher;;"456133911949484033";https://twitter.com/Rep_Hunter/status/456133911949484033
;2014-04-15 12:47;6;4;"Spending the morning discussing veterans issues with constituents from the @AmericanLegion pic.twitter.com/FpzLWe5kmv";;@AmericanLegion;;"456126783692099584";https://twitter.com/Rep_Hunter/status/456126783692099584
;2014-04-14 15:44;4;12;"Awesome time with @billmaher on Friday, with @RobLowe and other guests. Watch the overtime segment: http:// tinyurl.com/omv2454";;@billmaher @RobLowe;;"455808799920889856";https://twitter.com/Rep_Hunter/status/455808799920889856
;2014-04-02 10:24;4;4;"Possible Navy/Marine Corps tobacco ban OVER THE TOP. My interview: @KOGORadio : http:// tinyurl.com/kdulzmx";;@KOGORadio;;"451379604415315968";https://twitter.com/Rep_Hunter/status/451379604415315968
;2014-04-01 14:29;1;1;"@WashTimes : Balanced budget convention gains steam as congressman calls for official evaluation http:// tinyurl.com/p254pwv";;@WashTimes;;"451078911540338688";https://twitter.com/Rep_Hunter/status/451078911540338688
;2014-04-01 13:52;2;1;"Marine vet writes to Hagel: “Sgt. Peralta saved my life” http:// tinyurl.com/mvaokqn";;;;"451069680766435328";https://twitter.com/Rep_Hunter/status/451069680766435328
;2014-03-27 10:50;1;3;"Quality analysis on combat valor @brianvanreet @thedailybeast . Awards process: broken/bureaucratic. My Mar 25 letter: http:// tinyurl.com/jvsokw2";;@brianvanreet @thedailybeast;;"449211979878924289";https://twitter.com/Rep_Hunter/status/449211979878924289
;2014-03-27 09:13;5;2;"Still no answers from ATF on San Diego raid. http:// tinyurl.com/oh43fja";;;;"449187366344089600";https://twitter.com/Rep_Hunter/status/449187366344089600
;2014-03-26 15:37;10;19;"Caught up with constituents visiting from The City Church San Diego today pic.twitter.com/JBbKBNNJcE";;;;"448921647773265920";https://twitter.com/Rep_Hunter/status/448921647773265920
;2014-03-26 11:29;3;1;"4 Marines. 4 experiences. 4 grenades. Inconsistency in awards process disserves #Troops . http:// tinyurl.com/njg5jgq";;;#Troops;"448859189583310848";https://twitter.com/Rep_Hunter/status/448859189583310848
;2014-03-25 15:55;0;1;"@mvpstudios Agree fully-- different standards that shouldn't exist.";;@mvpstudios;;"448563882756694016";https://twitter.com/Rep_Hunter/status/448563882756694016
;2014-03-24 10:10;0;2;"Worth noting Sgt Peralta w/ same sources interviewed 4 @washingtonpost fail. Compared to Post report on Jessica Lynch http:// tinyurl.com/p4956jo";;@washingtonpost;;"448114747150725120";https://twitter.com/Rep_Hunter/status/448114747150725120
;2014-03-24 09:13;1;2;"Newest #Army DCGS fail following news of buried report. Back to warzone w/ system troops say ineffective. http:// tinyurl.com/mkcv3w4";;;#Army;"448100386222903296";https://twitter.com/Rep_Hunter/status/448100386222903296
;2014-03-20 13:44;3;4;"Visiting with constituents today in Temecula- Thank you Sgt Epplar for discussing your concerns with military issues pic.twitter.com/uEYXjmc916";;;;"446718961934016512";https://twitter.com/Rep_Hunter/status/446718961934016512
;2014-02-25 11:05;1;1;"@washingtonpost wrong on @USMC Sgt Rafael Peralta. Gross inaccuracies and factual omissions. #fail . @politico : http:// tinyurl.com/q78opqo";;@washingtonpost @USMC @politico;#fail;"438359221651136512";https://twitter.com/Rep_Hunter/status/438359221651136512
;2014-02-07 13:58;2;3;"Best of luck to all of the @USOlympic athletes representing #TeamUSA at #Sochi2014";;@USOlympic;#TeamUSA #Sochi2014;"431879621198356480";https://twitter.com/Rep_Hunter/status/431879621198356480
;2014-02-07 10:11;0;1;"Urging Sec. Hagel and @DeptofDefense to bring back unfunded priorities lists http:// tinyurl.com/jvgpp3l";;@DeptofDefense;;"431822636721516545";https://twitter.com/Rep_Hunter/status/431822636721516545
;2014-02-05 15:27;0;4;"The Target Practice and Marksmanship Training Support Act I introduced passed the House today as a part of #SHAREact http:// tinyurl.com/oggr53h";;;#SHAREact;"431177208757882881";https://twitter.com/Rep_Hunter/status/431177208757882881
;2014-02-04 15:31;5;5;"My joint @USATODAY op-ed with @PeteHegseth -- Budget deal needs Pentagon reform, comparable savings elsewhere http:// tinyurl.com/mrpdmo7";;@USATODAY @PeteHegseth;;"430815926993178625";https://twitter.com/Rep_Hunter/status/430815926993178625
;2014-02-04 12:26;0;0;"@WashTimes For Army, 60% DCGS budget cut verifies that development lags and more savings within reach http:// tinyurl.com/mmmdk27";;@WashTimes;;"430769346625802240";https://twitter.com/Rep_Hunter/status/430769346625802240
;2014-01-28 09:20;1;0;"@WashTimes : Hunter: Looking for leadership in the State of the Union http:// tinyurl.com/obdgv67";;@WashTimes;;"428185910560034818";https://twitter.com/Rep_Hunter/status/428185910560034818
;2014-01-27 16:28;2;1;"@WashTimes : Hunter: Looking for leadership in the State of the Union http:// tinyurl.com/obdgv67";;@WashTimes;;"427931067828289536";https://twitter.com/Rep_Hunter/status/427931067828289536
;2014-01-07 17:36;0;0;"@latimes : Defense chief reviewing Medal of Honor case for Marine killed in Iraq http:// tinyurl.com/pywsvq5";;@latimes;;"420700612087386112";https://twitter.com/Rep_Hunter/status/420700612087386112
;2014-01-07 10:08;10;5;"A big thank you to the Distinguished Flying Cross Society for its presentation in honor of our troops pic.twitter.com/pW6Q8cizmr";;;;"420587870672265216";https://twitter.com/Rep_Hunter/status/420587870672265216
;2013-12-10 12:23;0;1;"With Pentagon post-sequester, common sense budgeting must prevail. Check out my op ed via @thedailybeast http:// tinyurl.com/o5tj7bl";;@thedailybeast;;"410474816047550464";https://twitter.com/Rep_Hunter/status/410474816047550464
;2013-12-10 09:50;0;0;"@thedailybeast : Cutting the Defense Budget While Protecting Pay and Benefits for Currently Serving Troops http:// tinyurl.com/o5tj7bl";;@thedailybeast;;"410436405047726080";https://twitter.com/Rep_Hunter/status/410436405047726080
;2013-12-04 09:47;0;1;"@UTsandiego : Defense secretary eyes Peralta evidence http:// tinyurl.com/mtw4kx9";;@UTsandiego;;"408261375866048512";https://twitter.com/Rep_Hunter/status/408261375866048512
;2013-11-25 10:33;0;0;"@USATODAY : Iran deal's details are cause for alarm: Opposing view http:// tinyurl.com/lfnap8e";;@USATODAY;;"405011325660573696";https://twitter.com/Rep_Hunter/status/405011325660573696
;2013-11-21 10:43;3;4;"Time we change the unemployment measurement to include every jobless American: http:// tinyurl.com/qyxdwcg";;;;"403564216704958464";https://twitter.com/Rep_Hunter/status/403564216704958464
;2013-11-19 10:50;5;4;"The single-mom Obama praised as an #Obamacare success story on Oct 21 cant even afford insurance now. Time to repeal. http:// tinyurl.com/o6rqp9f";;;#Obamacare;"402841438062252033";https://twitter.com/Rep_Hunter/status/402841438062252033
;2013-11-13 16:23;9;1;"Great catching up with #MoH recipient Will Swenson today, along with my colleagues @RepKinzinger and @TomRooney pic.twitter.com/GFFpKLZ5pN";;@RepKinzinger @TomRooney;#MoH;"400750773828452352";https://twitter.com/Rep_Hunter/status/400750773828452352
;2013-11-11 12:39;2;2;"Representing Veterans at the San Marcos #VeteransDay Ceremony and Fallbrook Parade today. Come out and support.";;;#VeteransDay;"399969638257143808";https://twitter.com/Rep_Hunter/status/399969638257143808
;2013-11-06 11:49;5;5;"1st-class passengers give seats to 13 Marines headed home from Afghanistan. Americans supporting our troops http:// tinyurl.com/lomujfy #SemperFi";;;#SemperFi;"398145187928485890";https://twitter.com/Rep_Hunter/status/398145187928485890
;2013-11-05 12:10;61;17;"#Obama on tape at least 29 times and now denies promise? The truth really is stranger than fiction: http:// tinyurl.com/k5jczm4";;;#Obama;"397788105433817088";https://twitter.com/Rep_Hunter/status/397788105433817088
;2013-10-29 10:48;5;2;"Chairing the Coast Guard and Maritime Hearing on authorization issues. Watch live http:// tinyurl.com/keq5v4x";;;;"395215583861436417";https://twitter.com/Rep_Hunter/status/395215583861436417
;2013-10-29 09:01;0;0;"@UTsandiego : Miramar Air Show is one of five authorized by the Marine Corps in 2014 http:// tinyurl.com/lxdeq7j";;@UTsandiego;;"395188717251330048";https://twitter.com/Rep_Hunter/status/395188717251330048
;2013-10-25 11:28;3;4;"Presenting Distinguished Flying Cross today to WWII Veteran from El Cajon. What an honor. @UTsandiego to cover.";;@UTsandiego;;"393776038527770624";https://twitter.com/Rep_Hunter/status/393776038527770624
;2013-10-25 11:07;0;1;"Thanks @KUSI_News for a great interview this morning.";;@KUSI_News;;"393770747564265472";https://twitter.com/Rep_Hunter/status/393770747564265472
;2013-10-24 15:27;2;4;"Students: Whats the most important issue Congress should consider 2014? Enter in CSPANs student documentary compet. http://www. studentcam.org";;;;"393473729335795712";https://twitter.com/Rep_Hunter/status/393473729335795712
;2013-10-16 11:02;7;3;"It was an honor to be at Will Swenson's @WhiteHouse ceremony yesterday. His #MoH is long overdue. My view: pic.twitter.com/02JfRPLBe4";;@WhiteHouse;#MoH;"390508147728584705";https://twitter.com/Rep_Hunter/status/390508147728584705
;2013-10-15 09:45;2;2;"Looking forward to attending Will Swenson’s well deserved Medal of Honor ceremony today at the @WhiteHouse";;@WhiteHouse;;"390126182689042433";https://twitter.com/Rep_Hunter/status/390126182689042433
;2013-10-14 11:01;7;4;"As hero finally gets #MedalOfHonor , some question the delay. http:// tinyurl.com/lf6t69e";;;#MedalOfHonor;"389783025283629056";https://twitter.com/Rep_Hunter/status/389783025283629056
;2013-10-10 13:41;31;6;"From my request today: Congress’ research service says Pentagon can pay death benefit during shutdown http:// tinyurl.com/k438u9e #HonorOurHeroes";;;#HonorOurHeroes;"388373737717788672";https://twitter.com/Rep_Hunter/status/388373737717788672
;2013-10-10 11:52;10;2;"From my request today: Congress’ research service says Pentagon can pay death benefits during shutdown http:// tinyurl.com/k438u9e";;;;"388346363185864704";https://twitter.com/Rep_Hunter/status/388346363185864704
;2013-10-09 11:45;18;12;"Thank you @FoxNews @HappeningNow for having me on the show today to get out the message of supporting our soldiers pic.twitter.com/PvQQMBmyIT";;@FoxNews @HappeningNow;;"387982127700008960";https://twitter.com/Rep_Hunter/status/387982127700008960
;2013-10-09 10:29;19;9;"Watch me on @FoxNews @HappeningNow at noon re: @DeptofDefense refusal to pay death gratuity for fallen heroes. Irate, still. #HonorOurHeroes";;@FoxNews @HappeningNow @DeptofDefense;#HonorOurHeroes;"387962948242530304";https://twitter.com/Rep_Hunter/status/387962948242530304
;2013-10-08 13:42;94;26;"Urging Sec. Hagel and @DeptofDefense to provide Death Gratuity Benefit to the families of our fallen heroes http:// tinyurl.com/qytclyu";;@DeptofDefense;;"387649192199344128";https://twitter.com/Rep_Hunter/status/387649192199344128
;2013-09-26 10:52;9;3;"#Military commanders investigated for mishandling #Army ’s ‘lost’ Medal of Honor nomination http:// tinyurl.com/mf2a8zd";;;#Military #Army;"383257701737721857";https://twitter.com/Rep_Hunter/status/383257701737721857
;2013-09-26 10:42;0;1;"Many thanks to the Wirants and Tobins from #Temecula and #Escondido for stopping by my DC office pic.twitter.com/1O4wSBqjrh";;;#Temecula #Escondido;"383255342584315904";https://twitter.com/Rep_Hunter/status/383255342584315904
;2013-09-20 11:58;2;2;"Extraordinary video of #MoH Captain Will Swenson. Brotherhood in action. http:// tinyurl.com/mqgk8p3";;;#MoH;"381100109942902784";https://twitter.com/Rep_Hunter/status/381100109942902784
;2013-09-20 10:19;1;2;"Hat tip to @USNavy for its support of @USMC SGT Rafael Peralta http:// tinyurl.com/luxy7n6";;@USNavy @USMC;;"381075056119394305";https://twitter.com/Rep_Hunter/status/381075056119394305
;2013-09-19 10:43;11;9;"Good work @GOPoversight with keeping pressure on the @StateDept 's #Benghazi review. Watch live stream http:// tinyurl.com/mzswgs8";;@GOPoversight @StateDept;#Benghazi;"380718845620531200";https://twitter.com/Rep_Hunter/status/380718845620531200
;2013-09-18 15:02;5;2;"Thank you @PeteHegseth for having me this morning at the @ConcernedVets talk on #PentagonReform";;@PeteHegseth @ConcernedVets;#PentagonReform;"380421556762984448";https://twitter.com/Rep_Hunter/status/380421556762984448
;2013-09-18 10:17;4;2;"Over classification also causing security clearance troubles. GAO review ongoing. http:// tinyurl.com/nvkyax3";;;;"380349769077379072";https://twitter.com/Rep_Hunter/status/380349769077379072
;2013-09-17 12:25;1;1;"Capt. Swenson to receive Medal of Honor—FINALLY. http:// tinyurl.com/pdzf9lj";;;;"380019815437438976";https://twitter.com/Rep_Hunter/status/380019815437438976
;2013-09-16 14:24;0;0;"@ElMalevo If you can, call Reed Linsk in my DC office. Would like to know more.";;@ElMalevo;;"379687272141950977";https://twitter.com/Rep_Hunter/status/379687272141950977
;2013-09-16 14:01;0;0;"@ElMalevo It's in the district. Don't "oversee" but can assist if there's a problem.";;@ElMalevo;;"379681363781120000";https://twitter.com/Rep_Hunter/status/379681363781120000
;2013-09-16 13:57;0;0;"@BingWest @Dakota_Meyer MOH have it right. Support Afghan translators http:// tinyurl.com/mk5zk9q";;@BingWest @Dakota_Meyer;;"379680364060364800";https://twitter.com/Rep_Hunter/status/379680364060364800
;2013-09-16 13:13;2;1;"On #Syria stockpile, urging Sec. Kerry @statedept to trace source of production equipment http:// tinyurl.com/la3wtdc";;@statedept;#Syria;"379669303814942721";https://twitter.com/Rep_Hunter/status/379669303814942721
;2013-09-16 12:26;1;1;"Special thanks to Debbie Lee for her work to honor former SEALs Woods and Doherty. Support HR 1186: http:// tinyurl.com/lbh45l9";;;;"379657671680352256";https://twitter.com/Rep_Hunter/status/379657671680352256
;2013-09-11 14:10;1;1;"Thank you to the @RiponSociety for hosting me as a guest speaker for this morning's Policy and Politics Series pic.twitter.com/ySayk0Jg9h";;@RiponSociety;;"377871840175087616";https://twitter.com/Rep_Hunter/status/377871840175087616
;2013-09-11 12:08;8;2;"God Bless America, its courageous citizens, and the defenders of freedom #NeverForget";;;#NeverForget;"377841148858888192";https://twitter.com/Rep_Hunter/status/377841148858888192
;2013-09-11 08:14;0;0;"@PredictionMan @HuffPostPol Is wrong";;@PredictionMan @HuffPostPol;;"377782135471341568";https://twitter.com/Rep_Hunter/status/377782135471341568
;2013-09-10 10:06;1;1;"Great start to the day speaking at the National Maritime Salvage Conference & Expo pic.twitter.com/LR2oWAneXb";;;;"377447939427168256";https://twitter.com/Rep_Hunter/status/377447939427168256
;2013-09-10 09:35;2;2;"@politico : #Syria Fails the Powell Doctrine Test http:// tinyurl.com/pgk5cse";;@politico;#Syria;"377440286680416256";https://twitter.com/Rep_Hunter/status/377440286680416256
;2013-09-09 17:40;2;0;"@politico : Obama's over-the-top Syria lobbying push. "If it passes, he takes credit. If it fails, he blames Congress" http:// tinyurl.com/omxfl5y";;@politico;;"377199975265865729";https://twitter.com/Rep_Hunter/status/377199975265865729
;2013-09-09 17:19;1;2;"Thanks to @CrowleyMaritime for the tour of the Long Beach Port last week. pic.twitter.com/XNTmfXftwp";;@CrowleyMaritime;;"377194672541560832";https://twitter.com/Rep_Hunter/status/377194672541560832
;2013-09-05 14:49;1;2;"Will be on @seanhannity 's radio show at 4 pm ET today. In San Diego: KFMB 760.";;@seanhannity;;"375707266051092480";https://twitter.com/Rep_Hunter/status/375707266051092480
;2013-09-05 14:40;0;0;"@cryangallegos Nothing says I support Core. I am with you. The focus was on the problems created.";;@cryangallegos;;"375704973390004224";https://twitter.com/Rep_Hunter/status/375704973390004224
;2013-09-05 13:32;0;2;"Insightful meeting with some local education leaders-Common Core focused. Great Perspectives. pic.twitter.com/uxcKGHBffr";;;;"375687958973542400";https://twitter.com/Rep_Hunter/status/375687958973542400
;2013-09-05 09:22;0;1;"Thank you to the @ValleyYoungPros . Great lunch meeting yesterday. #CA50 pic.twitter.com/9RJll9sdAc";;@ValleyYoungPros;#CA50;"375625100495564800";https://twitter.com/Rep_Hunter/status/375625100495564800
;2013-09-04 09:33;1;1;"Still unconvinced on #Syria but want to look at intel more before final call.";;;#Syria;"375265416739696642";https://twitter.com/Rep_Hunter/status/375265416739696642
;2013-09-03 12:46;13;13;"Hunter: #Obama inviting impeachment if he strikes #Syria without Congress: http:// tinyurl.com/k85rlu9";;;#Obama #Syria;"374951547173478401";https://twitter.com/Rep_Hunter/status/374951547173478401
;2013-09-03 09:50;0;1;"Planning to be on @KOGORadio in about 30 minutes. Tune in.";;@KOGORadio;;"374907369135669249";https://twitter.com/Rep_Hunter/status/374907369135669249
;2013-08-30 12:28;3;4;"Great meeting with my fellow #Marines this week in #Afghanistan . Happy to be home #SemperFi";;;#Marines #Afghanistan #SemperFi;"373497408291737600";https://twitter.com/Rep_Hunter/status/373497408291737600
;2013-08-30 10:06;1;2;"Clock ticking. Consensus grows to arm Syrian rebels, #POTUS needs to step up and make (right) decision http:// tinyurl.com/p2bazu8";;;#POTUS;"373461649568440320";https://twitter.com/Rep_Hunter/status/373461649568440320
;2013-08-29 13:30;0;1;"Congratulations to Craig Carter, the new police chief of #Escondido who was sworn in today http:// tinyurl.com/pglbsy2";;;#Escondido;"373150668711665664";https://twitter.com/Rep_Hunter/status/373150668711665664
;2013-08-27 11:45;0;1;"Calling on #President to arm and train Syrian opposition http:// tinyurl.com/kpvysbk";;;#President;"372399589833207808";https://twitter.com/Rep_Hunter/status/372399589833207808
;2013-08-23 08:57;0;2;"Thanks to #Fallbrook Chamber for hosting last night's town hall. Great turnout with engaged audience. pic.twitter.com/ZhicgmVxHa";;;#Fallbrook;"370907590139469825";https://twitter.com/Rep_Hunter/status/370907590139469825
;2013-08-13 10:40;29;9;"How many more delays until #POTUS admits #Obamacare doesn’t work? http:// tinyurl.com/lfnzytt";;;#POTUS #Obamacare;"367309661977845762";https://twitter.com/Rep_Hunter/status/367309661977845762
;2013-08-08 13:47;0;0;"@comebackzack Yes- Thursday, August 22 from 5:30-7:00 PM @124 S. Mission Road, Fallbrook, CA";;@comebackzack @124;;"365544841284829184";https://twitter.com/Rep_Hunter/status/365544841284829184
;2013-08-07 15:44;0;0;"@donavese Yes- Thursday, August 22 from 5:30-7:00 PM @124 S. Mission Road, Fallbrook, CA";;@donavese @124;;"365211917490470913";https://twitter.com/Rep_Hunter/status/365211917490470913
;2013-08-07 09:19;7;2;"Smaller US flagged shipping fleet will have real consequences http:// tinyurl.com/k8m52sj via @gCaptain";;@gCaptain;;"365114987787718656";https://twitter.com/Rep_Hunter/status/365114987787718656
;2013-08-01 08:51;3;2;"GAO report to review processes @DeptofDefense uses for classification & effect of over-classification @FPNatSec http:// tinyurl.com/qacrxzb";;@DeptofDefense @FPNatSec;;"362933722821046273";https://twitter.com/Rep_Hunter/status/362933722821046273
;2013-07-31 13:22;0;0;"@TSA needs a reality check, via @WashTimes http:// tinyurl.com/pk3hltl";;@TSA @WashTimes;;"362639298475995136";https://twitter.com/Rep_Hunter/status/362639298475995136
;2013-07-31 11:56;2;3;"GAO accepts my request to review over-classification of security information http:// tinyurl.com/kcvhc66";;;;"362617860620689408";https://twitter.com/Rep_Hunter/status/362617860620689408
;2013-07-31 11:02;1;1;"America’s economic future depends on a strong maritime industry via @Mar_Ex http:// tinyurl.com/pp9z5ac";;@Mar_Ex;;"362604101755863040";https://twitter.com/Rep_Hunter/status/362604101755863040
;2013-07-31 10:14;0;1;"Over-classification in the ntl sec arena puts info that should be available to the public out of view @FPNatSec http:// tinyurl.com/qacrxzb";;@FPNatSec;;"362592130750885888";https://twitter.com/Rep_Hunter/status/362592130750885888
;2013-07-31 09:17;3;1;"Between 2010 and 2012 the IRS spent $49 million on 225 conferences #StopGovtAbuse http:// tinyurl.com/lng5af6";;;#StopGovtAbuse;"362577690353602562";https://twitter.com/Rep_Hunter/status/362577690353602562
;2013-07-30 14:49;3;2;"Jones Act remains essential to America's national security and economic future via @CNBC http:// tinyurl.com/no9xcnd";;@CNBC;;"362298966320230400";https://twitter.com/Rep_Hunter/status/362298966320230400
;2013-07-30 13:04;1;1;"Proud to join @CandiceMiller in recognizing almost 4 centuries of service of @USNationalGuard http:// tinyurl.com/kwt62z5";;@CandiceMiller @USNationalGuard;;"362272386516664320";https://twitter.com/Rep_Hunter/status/362272386516664320
;2013-07-30 10:14;1;2;"71% of small businesses say #AffordableCareAct makes it harder to hire via @USChamber http:// tinyurl.com/mf7b47e";;@USChamber;#AffordableCareAct;"362229836552474625";https://twitter.com/Rep_Hunter/status/362229836552474625
;2013-07-30 08:56;4;1;"IRS has produced 3% of docs in political targeting investigation…where is other 97%? http:// tinyurl.com/o6zm2p7";;;;"362210133113176064";https://twitter.com/Rep_Hunter/status/362210133113176064
;2013-07-24 16:40;3;2;"Committed to working w/ @RosLehtinen @USRepRHinojosa @RepPaulBrounMD @RepFilemonVela to #BringArmandoHome http:// tinyurl.com/k4lkjza";;@RosLehtinen @USRepRHinojosa @RepPaulBrounMD @RepFilemonVela;#BringArmandoHome;"360152452730851330";https://twitter.com/Rep_Hunter/status/360152452730851330
;2013-07-24 09:26;1;1;"Joining Rep. Culberson to bring social cost of carbon proposal to the #House floor http:// tinyurl.com/m3nkz5l";;;#House;"360043392417267713";https://twitter.com/Rep_Hunter/status/360043392417267713
;2013-07-23 10:01;1;0;"@HouseCommerce shows Affordable Care Act will raise costs $151/month for new customer in individual market http:// tinyurl.com/n5szs73";;@HouseCommerce;;"359689651180683264";https://twitter.com/Rep_Hunter/status/359689651180683264
;2013-07-22 11:59;1;1;"House @GOPoversight Committee joins pursuit for transparency in social cost of carbon via @mtenergyreview http:// tinyurl.com/llnm3sq";;@GOPoversight @mtenergyreview;;"359356997805686785";https://twitter.com/Rep_Hunter/status/359356997805686785
;2013-07-17 15:58;0;1;"Did politics ground #MiramarAirShow ? via @Marinetimes http:// tinyurl.com/m9w5tno";;@Marinetimes;#MiramarAirShow;"357605157074251776";https://twitter.com/Rep_Hunter/status/357605157074251776
;2013-07-17 14:13;0;1;"Wanted: #Pentagon stats on #MiramarAirShow , via @UTsandiego http:// tinyurl.com/oqngyz4";;@UTsandiego;#Pentagon #MiramarAirShow;"357578827423166464";https://twitter.com/Rep_Hunter/status/357578827423166464
;2013-07-12 10:16;0;0;"@washingtonpost gave @NancyPelosi 3 pinocchios over ACA implementation delay http:// tinyurl.com/kppo5fu";;@washingtonpost @NancyPelosi;;"355707137080573954";https://twitter.com/Rep_Hunter/status/355707137080573954
;2013-07-12 08:23;0;1;"Critics connect the dots on POTUS cost estimates @DailyCaller http:// preview.tinyurl.com/mfvdsw3";;@DailyCaller;;"355678854213419008";https://twitter.com/Rep_Hunter/status/355678854213419008
;2013-07-11 11:45;3;1;"#Troops shouldn’t bear the burden of fed’s record deficit #repealsequestration @WashTimes http:// tinyurl.com/k5cr97w";;@WashTimes;#Troops #repealsequestration;"355367279858417664";https://twitter.com/Rep_Hunter/status/355367279858417664
;2013-07-09 13:36;0;1;"Latest newsletter posted: http:// tinyurl.com/mfxvxnl";;;;"354670285011681281";https://twitter.com/Rep_Hunter/status/354670285011681281
;2013-07-09 09:04;0;3;"Crucial that we continue to support the #troops remaining in Afghanistan via @WashTimes @roscarborough http:// tinyurl.com/py2qhgp";;@WashTimes @roscarborough;#troops;"354601928291917825";https://twitter.com/Rep_Hunter/status/354601928291917825
;2013-07-08 15:47;1;2;"#POTUS changing calculations to justify new rules via @thehill http:// tinyurl.com/n3m62h7";;@thehill;#POTUS;"354341056030064640";https://twitter.com/Rep_Hunter/status/354341056030064640
;2013-07-08 13:06;0;2;"#commonsense & understanding in treatment of returning #vets @MilitaryTimes http:// tinyurl.com/kabkbx8";;@MilitaryTimes;#commonsense #vets;"354300439350624257";https://twitter.com/Rep_Hunter/status/354300439350624257
;2013-07-08 10:33;1;1;"#veterans deserve a #bipartisan solution to keep vet retirement homes open with @RepSusanDavis via @UTsandiego http:// tinyurl.com/mm5d5yc";;@RepSusanDavis @UTsandiego;#veterans #bipartisan;"354261854517862400";https://twitter.com/Rep_Hunter/status/354261854517862400
;2013-07-08 09:20;1;1;"Oven rating tells us much about #POTUS climate change agenda. Check out @reviewjournal : http:// tinyurl.com/n5a6ypa";;@reviewjournal;#POTUS;"354243504953753600";https://twitter.com/Rep_Hunter/status/354243504953753600
;2013-07-03 09:24;0;2;"America workers still on sidelines. Steve Dinan @WashTimes : http://www. washingtontimes.com/news/2013/jul/ 3/immigrants-account-for-all-job-gains-since-2000/ …";;@WashTimes;;"352432601618845696";https://twitter.com/Rep_Hunter/status/352432601618845696
;2013-07-02 08:53;0;1;"Pleased with ongoing progress at Fort Rosecrans, via @CBS8 http:// tinyurl.com/pu8yxqm";;@CBS8;;"352062491850838016";https://twitter.com/Rep_Hunter/status/352062491850838016
;2013-07-01 12:02;0;0;"@thehill looks at my challenge #POTUS change in social cost of carbon http:// tinyurl.com/prtq3fj";;@thehill;#POTUS;"351747713399926785";https://twitter.com/Rep_Hunter/status/351747713399926785
;2013-07-01 11:08;2;1;"Pleased to introduce #bipartisan legislation addressing government transparency with social cost of carbon http:// tinyurl.com/khqdtqd";;;#bipartisan;"351734024588378112";https://twitter.com/Rep_Hunter/status/351734024588378112
;2013-06-28 12:58;0;1;"Moved by those microwave ovens . Need explanation on social cost of carbon, via @BNPolitics http:// tinyurl.com/q4lf2gs";;@BNPolitics;;"350674645072097280";https://twitter.com/Rep_Hunter/status/350674645072097280
;2013-06-26 14:56;5;4;"Great meeting with @SupportAFF @RepTimMurphy NASCAR Champion @KurtBusch on #PTSD Awareness Month pic.twitter.com/Hsm5SBaVjj";;@SupportAFF @RepTimMurphy @KurtBusch;#PTSD;"349979507207307264";https://twitter.com/Rep_Hunter/status/349979507207307264
;2013-06-25 17:01;0;1;"Check out how Congress is conducting #oversight this week http:// tinyurl.com/nvl8355";;;#oversight;"349648516026605568";https://twitter.com/Rep_Hunter/status/349648516026605568
;2013-06-25 13:33;0;1;"#Veterans deserve better, in @latimes http://www. latimes.com/local/lanow/la -me-ln-cemetery-problems-20130622,0,4327755.story …";;@latimes;#Veterans;"349596304088903680";https://twitter.com/Rep_Hunter/status/349596304088903680
;2013-06-24 11:16;6;4;"Before voting, lawmakers need to actually see the border, in @UTsandiego #immigration http:// tinyurl.com/jwevdzy";;@UTsandiego;#immigration;"349199455939072000";https://twitter.com/Rep_Hunter/status/349199455939072000
;2013-06-19 11:03;1;0;"@tnr : A demented tale of how the #Army actually does business: http://www. newrepublic.com/article/113484 /how-pentagon-boondoggle-putting-soldiers-danger …";;@tnr;#Army;"347384234702413824";https://twitter.com/Rep_Hunter/status/347384234702413824
;2013-06-19 10:32;0;0;"@tnr : a demented tale of how the #Army actually does business: http://www. newrepublic.com/article/113484 /how-pentagon-boondoggle-putting-soldiers-danger …";;@tnr;#Army;"347376291806326784";https://twitter.com/Rep_Hunter/status/347376291806326784
;2013-06-14 14:59;0;0;"@KDeesMCGS Agreed, Kellie. I support an #enforcement 1st approach to #immigration reform.";;@KDeesMCGS;#enforcement #immigration;"345631523292213250";https://twitter.com/Rep_Hunter/status/345631523292213250
;2013-06-14 12:56;0;1;"Bipartisan #FY14NDAA passes House http:// tinyurl.com/kppcdan";;;#FY14NDAA;"345600645778251777";https://twitter.com/Rep_Hunter/status/345600645778251777
;2013-06-14 09:09;1;1;"#POTUS must counter China’s cybersnooping, see my op-ed in @WashTimes http:// tinyurl.com/kg98gtu";;@WashTimes;#POTUS;"345543463607095296";https://twitter.com/Rep_Hunter/status/345543463607095296
;2013-06-13 16:08;0;1;"@SenLandrieu calling border fence “dumb?” I invite u to SD to see how fencing really works. http://www. youtube.com/watch?v=sc8-96 dCX3Y …";;@SenLandrieu;;"345286660738646016";https://twitter.com/Rep_Hunter/status/345286660738646016
;2013-06-13 13:57;5;2;"@mistyblue20109 —I introduced HR 1186 to award Congressional Gold Medal to Glen and Tyrone for their service in #Benghazi";;@mistyblue20109;#Benghazi;"345253689499480064";https://twitter.com/Rep_Hunter/status/345253689499480064
;2013-06-13 13:52;0;0;"@donavese despite Senate rejection of crucial amendment to #immigration reform, #HouseRepublicans remain opposed to amnesty.";;@donavese;#immigration #HouseRepublicans;"345252233983696896";https://twitter.com/Rep_Hunter/status/345252233983696896
;2013-06-13 12:31;0;1;"@Lillibees_mom thanks for your support";;@Lillibees_mom;;"345231964019773440";https://twitter.com/Rep_Hunter/status/345231964019773440
;2013-06-13 12:27;4;0;"@Kathy_Amidon2 @WilandKate2 I agree that we need to investigate #Benghazi thoroughly—that’s why I am a cosponsor of HRes36";;@Kathy_Amidon2 @WilandKate2;#Benghazi;"345230995311710208";https://twitter.com/Rep_Hunter/status/345230995311710208
;2013-06-13 12:26;2;1;"@badjeffro @RepublicanStudy Stay focused on #GOP plan for econ growth & jobs http://www. gop.gov/jobs/";;@badjeffro @RepublicanStudy;#GOP;"345230819926872064";https://twitter.com/Rep_Hunter/status/345230819926872064
;2013-06-13 12:25;4;2;"@AuntNutmeg #AskRSC Agreed that we need more answers on #Benghazi , proud cosponsor of HRes36 to create Select Committee";;@AuntNutmeg;#AskRSC #Benghazi;"345230575881297922";https://twitter.com/Rep_Hunter/status/345230575881297922
;2013-06-13 11:02;0;2;"Good article in @nationaljournal , proud to serve on House #ArmedServices Committee http:// tinyurl.com/llhmh6o";;@nationaljournal;#ArmedServices;"345209625404125185";https://twitter.com/Rep_Hunter/status/345209625404125185
;2013-06-13 10:50;0;0;"@debtperception I share concerns w/ #StudentDebtCrisis —that’s why House passed HR 1911 w/ my support to extend low interest rates";;@debtperception;#StudentDebtCrisis;"345206583980089344";https://twitter.com/Rep_Hunter/status/345206583980089344
;2013-06-13 10:49;0;0;"@off_grid_momma #AskRSC I absolutely agree—need to take enforcement first approach to imm reform with focus on strengthening border";;@off_grid_momma;#AskRSC;"345206270975942657";https://twitter.com/Rep_Hunter/status/345206270975942657
;2013-06-13 10:10;0;0;"@Da_Brain8 Agreed--I support HR 25 Fair Tax to abolish #IRS & implement ntl sale tax";;@Da_Brain8;#IRS;"345196461748789250";https://twitter.com/Rep_Hunter/status/345196461748789250
;2013-06-13 09:56;1;1;"@Angelonsite @RepublicanStudy House Judiciary has subpoenaed #DOJ docs http:// judiciary.house.gov/news/04172013. html …";;@Angelonsite @RepublicanStudy;#DOJ;"345192883869061121";https://twitter.com/Rep_Hunter/status/345192883869061121
;2013-06-13 09:42;0;3;"Reminder that I will be joining @RepublicanStudy to take questions today from 11am-3pm ET—ask me using #AskRSC";;@RepublicanStudy;#AskRSC;"345189507420807168";https://twitter.com/Rep_Hunter/status/345189507420807168
;2013-06-12 14:41;1;1;"Looking forward to joining @RepublicanStudy to take questions tomorrow using #AskRSC from 11am-3pm ET";;@RepublicanStudy;#AskRSC;"344902217410674688";https://twitter.com/Rep_Hunter/status/344902217410674688
;2013-06-12 11:53;2;1;"Update from @foxnewslatino on our most recent efforts to #BringArmandoHome http:// tinyurl.com/k37bhy5";;@foxnewslatino;#BringArmandoHome;"344860018321002496";https://twitter.com/Rep_Hunter/status/344860018321002496
;2013-06-12 09:43;0;1;"#Pentagon IG right to review Medal of Honor case http:// tinyurl.com/o6wf8qh";;;#Pentagon;"344827226484772865";https://twitter.com/Rep_Hunter/status/344827226484772865
;2013-06-11 14:51;0;2;"Big thanks to @PIANational http:// tinyurl.com/npuy2xf";;@PIANational;;"344542310798852097";https://twitter.com/Rep_Hunter/status/344542310798852097
;2013-06-11 09:05;0;1;"NCLB post-waiver reality not living up to pre-waiver assurances in @educationweek http:// tinyurl.com/lqq8xey";;@educationweek;;"344455388739022850";https://twitter.com/Rep_Hunter/status/344455388739022850
;2013-06-07 13:01;0;1;"Ntl unemployment@7.6 but doesn’t include all workers-pass Real Unemployment Calculation Act to reflect all Americans http:// tinyurl.com/lehgx3p";;@7;;"343065242152079362";https://twitter.com/Rep_Hunter/status/343065242152079362
;2013-06-07 12:11;1;1;"Check out this morning’s op-ed on @CNBC -- #Pentagon Needs to Acquire Private Sector Know-how. http:// cnbc.com/id/100796901";;@CNBC;#Pentagon;"343052695097184256";https://twitter.com/Rep_Hunter/status/343052695097184256
;2013-06-07 11:31;0;2;"Check out this week’s op-ed in @WashTimes on legacy of #veterans in Congress http:// hunter.house.gov/veterans-who-t ake-hill …";;@WashTimes;#veterans;"343042458621444097";https://twitter.com/Rep_Hunter/status/343042458621444097
;2013-06-07 10:38;5;3;"Proud to join @RosLehtinen @USRepRHinojosa @RepFilemonVela on bipartisan letter to #BringArmandoHome http:// 1.usa.gov/14CxTG9";;@RosLehtinen @USRepRHinojosa @RepFilemonVela;#BringArmandoHome;"343029313064554496";https://twitter.com/Rep_Hunter/status/343029313064554496
;2013-06-07 10:09;0;1;"#Pentagon Needs to Acquire Private Sector Know-how, read more on @CNBC . http://www. cnbc.com/id/100796901";;@CNBC;#Pentagon;"343021794422292481";https://twitter.com/Rep_Hunter/status/343021794422292481
;2013-05-31 10:05;1;1;"Warned: State Dept lists 6 terror attacks year before #Benghazi attack. http:// tinyurl.com/lxhwuvt";;;#Benghazi;"340484238992363521";https://twitter.com/Rep_Hunter/status/340484238992363521
;2013-05-30 15:59;3;5;"#Escondido police and swat looking good at today’s #veterans resource fair. Tnx to all who showed. pic.twitter.com/3RBs9R4qY5";;;#Escondido #veterans;"340210866240778240";https://twitter.com/Rep_Hunter/status/340210866240778240
;2013-05-22 17:18;1;1;"Check out my joint op-ed on Food for Peace http:// tinyurl.com/nexhlvm . Follows Tues hearing w/ maritime leaders. pic.twitter.com/woxB4HtU7V";;;;"337331733471039488";https://twitter.com/Rep_Hunter/status/337331733471039488
;2013-05-17 13:32;4;2;"Just had a great Skype session from my DC office with 12th graders from West Hills High. pic.twitter.com/MOdhpSikjw";;;;"335462849931530240";https://twitter.com/Rep_Hunter/status/335462849931530240
;2013-05-10 15:40;5;3;"Spoke at Propeller Club today on need for maritime strategy, ahead of National Maritime Day. http:// tinyurl.com/bq343tj pic.twitter.com/CIxcx8sng1";;;;"332958433772978176";https://twitter.com/Rep_Hunter/status/332958433772978176