,FirstName,LastName,Name,Party,PartyState,State,State_Abbrev,_merge,bioguide,district,had_challenger,inc_name,inc_party,inc_ran,inc_won,runnerup_party,runnerup_votes,winner_party,winner_votes
0, Pete,Aguilar,"Aguilar, Pete",Democratic,Democratic - California,California,CA,both,A000371,CA-31,1,"Aguilar, Pete",D,1,1,R,"94,866",D,"121,070"
1, Justin,Amash,"Amash, Justin",Republican,Republican - Michigan,Michigan,MI,both,A000367,MI-03,1,"Amash, Justin",R,1,1,D,"128,400",R,"203,545"
2, Brian,Babin,"Babin, Brian",Republican,Republican - Texas,Texas,TX,both,B001291,TX-36,1,"Babin, Brian",R,1,1,G,"24,890",R,"193,675"
3, Don,Bacon,"Bacon, Don",Republican,Republican - Nebraska,Nebraska,NE,both,B001298,NE-02,1,"Bacon, Don",R,1,1,D,"137,602",R,"141,066"
4, Jim,Banks,"Banks, Jim",Republican,Republican - Indiana,Indiana,IN,both,B001299,IN-03,0,"Banks, Jim",R,0,0,D,"66,023",R,"201,396"
5, Lou,Barletta,"Barletta, Lou",Republican,Republican - Pennsylvania,Pennsylvania,PA,both,B001269,PA-11,1,"Barletta, Lou",R,1,1,D,"113,800",R,"199,421"
6, Andy,Barr,"Barr, Andy",Republican,Republican - Kentucky,Kentucky,KY,both,B001282,KY-06,1,"Barr, Andy",R,1,1,D,"128,728",R,"202,099"
7, Joe,Barton,"Barton, Joe",Republican,Republican - Texas,Texas,TX,both,B000213,TX-06,1,"Barton, Joe",R,1,1,D,"106,667",R,"159,444"
8, Karen,Bass,"Bass, Karen",Democratic,Democratic - California,California,CA,both,B001270,CA-37,1,"Bass, Karen",D,1,1,D,"44,782",D,"192,490"
9, Joyce,Beatty,"Beatty, Joyce",Democratic,Democratic - Ohio,Ohio,OH,both,B001281,OH-03,1,"Beatty, Joyce",D,1,1,R,"91,560",D,"199,791"
10, Xavier,Becerra,"Becerra, Xavier",Democratic,Democratic - California,California,CA,both,B000287,CA-34,1,"Becerra, Xavier",D,1,1,D,"36,314",D,"122,842"
11, Ami,Bera,"Bera, Ami",Democratic,Democratic - California,California,CA,both,B001287,CA-07,1,"Bera, Ami",D,1,1,R,"145,168",D,"152,133"
12, Jack,Bergman,"Bergman, Jack",Republican,Republican - Michigan,Michigan,MI,both,B001301,MI-01,0,"Bergman, Jack",R,0,0,D,"144,334",R,"197,777"
13, Andy,Biggs,"Biggs, Andy",Republican,Republican - Arizona,Arizona,AZ,both,B001302,AZ-05,0,"Biggs, Andy",R,0,0,D,"114,940",R,"205,184"
14, Mike,Bishop,"Bishop, Mike",Republican,Republican - Michigan,Michigan,MI,both,B001293,MI-08,1,"Bishop, Mike",R,1,1,D,"143,791",R,"205,629"
15, Rob,Bishop,"Bishop, Rob",Republican,Republican - Utah,Utah,UT,both,B001250,UT-01,1,"Bishop, Rob",R,1,1,D,"73,380",R,"182,925"
16, Diane,Black,"Black, Diane",Republican,Republican - Tennessee,Tennessee,TN,both,B001273,TN-06,1,"Black, Diane",R,1,1,D,"61,995",R,"202,234"
17, Marsha,Blackburn,"Blackburn, Marsha",Republican,Republican - Tennessee,Tennessee,TN,both,B001243,TN-07,1,"Blackburn, Marsha",R,1,1,D,"65,226",R,"200,407"
18, Rod,Blum,"Blum, Rod",Republican,Republican - Iowa,Iowa,IA,both,B001294,IA-01,1,"Blum, Rod",R,1,1,D,"177,403",R,"206,903"
19, Earl,Blumenauer,"Blumenauer, Earl",Democratic,Democratic - Oregon,Oregon,OR,both,B000574,OR-03,1,"Blumenauer, Earl",D,1,1,I,"78,154",D,"274,687"
20, Lisa,Blunt Rochester,"Blunt Rochester, Lisa",Democratic,Democratic - Delaware,Delaware,DE,both,B001303,DE-AL,1,"Blunt Rochester, Lisa",D,1,1,R,"172,301",D,"233,554"
21, Suzanne,Bonamici,"Bonamici, Suzanne",Democratic,Democratic - Oregon,Oregon,OR,both,B001278,OR-01,1,"Bonamici, Suzanne",D,1,1,R,"139,756",D,"225,391"
22, Mike,Bost,"Bost, Mike",Republican,Republican - Illinois,Illinois,IL,both,B001295,IL-12,1,"Bost, Mike",R,1,1,D,"124,246",R,"169,976"
23, Kevin,Brady,"Brady, Kevin",Republican,Republican - Texas,Texas,TX,both,B000755,TX-08,1,"Brady, Kevin",R,1,1,NONE,0,R,"236,379"
24, Dave,Brat,"Brat, Dave",Republican,Republican - Virginia,Virginia,VA,both,B001290,VA-07,1,"Brat, Dave",R,1,1,D,"160,159",R,"218,057"
25, Jim,Bridenstine,"Bridenstine, Jim",Republican,Republican - Oklahoma,Oklahoma,OK,both,B001283,OK-01,1,"Bridenstine, Jim",R,1,1,,,R,
26, Mo,Brooks,"Brooks, Mo",Republican,Republican - Alabama,Alabama,AL,both,B001274,AL-05,1,"Brooks, Mo",R,1,1,D,"102,234",R,"205,647"
27, Julia,Brownley,"Brownley, Julia",Democratic,Democratic - California,California,CA,both,B001285,CA-26,1,"Brownley, Julia",D,1,1,R,"111,059",D,"169,248"
28, Vern,Buchanan,"Buchanan, Vern",Republican,Republican - Florida,Florida,FL,both,B001260,FL-16,1,"Buchanan, Vern",R,1,1,D,"155,262",R,"230,654"
29, Ken,Buck,"Buck, Ken",Republican,Republican - Colorado,Colorado,CO,both,B001297,CO-04,1,"Buck, Ken",R,1,1,D,"123,642",R,"248,230"
30, Larry,Bucshon,"Bucshon, Larry",Republican,Republican - Indiana,Indiana,IN,both,B001275,IN-08,1,"Bucshon, Larry",R,1,1,D,"93,356",R,"187,702"
31, Ted,Budd,"Budd, Ted",Republican,Republican - North Carolina,North Carolina,NC,both,B001305,NC-13,1,"Budd, Ted",R,1,1,D,"156,049",R,"199,443"
32, Cheri,Bustos,"Bustos, Cheri",Democratic,Democratic - Illinois,Illinois,IL,both,B001286,IL-17,1,"Bustos, Cheri",D,1,1,R,"113,943",D,"173,125"
33, Bradley,Byrne,"Byrne, Bradley",Republican,Republican - Alabama,Alabama,AL,both,B001289,AL-01,0,"Byrne, Bradley",R,1,1,write in,"7,810",R,"208,083"
34, Ken,Calvert,"Calvert, Ken",Republican,Republican - California,California,CA,both,C000059,CA-42,1,"Calvert, Ken",R,1,1,D,"104,689",R,"149,547"
35, Tony,Cardenas,"Cardenas, Tony",Democratic,Democratic - California,California,CA,both,C001097,CA-29,1,"Cardenas, Tony",D,1,1,D,"43,417",D,"128,407"
36, Andre,Carson,"Carson, Andre",Democratic,Democratic - Indiana,Indiana,IN,both,C001072,IN-07,1,"Carson, Andre",D,1,1,R,"94,456",D,"158,739"
37, Matt,Cartwright,"Cartwright, Matt",Democratic,Democratic - Pennsylvania,Pennsylvania,PA,both,C001090,PA-17,1,"Cartwright, Matt",D,1,1,R,"135,430",D,"157,734"
38, Kathy,Castor,"Castor, Kathy",Democratic,Democratic - Florida,Florida,FL,both,C001066,FL-14,1,"Castor, Kathy",D,1,1,R,"121,088",D,"195,789"
39, Joaquin,Castro,"Castro, Joaquin",Democratic,Democratic - Texas,Texas,TX,both,C001091,TX-20,1,"Castro, Joaquin",D,1,1,L,"29,055",D,"149,640"
40, Steve,Chabot,"Chabot, Steve",Republican,Republican - Ohio,Ohio,OH,both,C000266,OH-01,1,"Chabot, Steve",R,1,1,D,"144,644",R,"210,014"
41, Jason,Chaffetz,"Chaffetz, Jason",Republican,Republican - Utah,Utah,UT,both,C001076,UT-03,1,"Chaffetz, Jason",R,1,1,D,"75,716",R,"209,589"
42, Liz,Cheney,"Cheney, Liz",Republican,Republican - Wyoming,Wyoming,WY,both,C001109,WY-AL,1,"Cheney, Liz",R,1,1,D,"75,466",R,"156,176"
43, Judy,Chu,"Chu, Judy",Democratic,Democratic - California,California,CA,both,C001080,CA-27,1,"Chu, Judy",D,1,1,R,"81,655",D,"168,977"
44, Emanuel,Cleaver,"Cleaver, Emanuel",Democratic,Democratic - Missouri,Missouri,MO,both,C001061,MO-05,1,"Cleaver, Emanuel",D,1,1,R,"123,771",D,"190,766"
45, Mike,Coffman,"Coffman, Mike",Republican,Republican - Colorado,Colorado,CO,both,C001077,CO-06,1,"Coffman, Mike",R,1,1,D,"160,372",R,"191,626"
46, Steve,Cohen,"Cohen, Steve",Democratic,Democratic - Tennessee,Tennessee,TN,both,C001068,TN-09,1,"Cohen, Steve",D,1,1,R,"41,123",D,"171,631"
47, Tom,Cole,"Cole, Tom",Republican,Republican - Oklahoma,Oklahoma,OK,both,C001053,OK-04,1,"Cole, Tom",R,1,1,D,"76,472",R,"204,143"
48, Chris,Collins,"Collins, Chris",Republican,Republican - New York,New York,NY,both,C001092,NY-27,1,"Collins, Chris",R,1,1,D,"107,832",R,"220,885"
49, Doug,Collins,"Collins, Doug",Republican,Republican - Georgia,Georgia,GA,both,C001093,GA-09,0,"Collins, Doug",R,1,1,NONE,0,R,"256,535"
50, James,Comer,"Comer, James",Republican,Republican - Kentucky,Kentucky,KY,both,C001108,KY-01,1,"Comer, James",R,1,1,D,"81,710",R,"216,959"
51, Barbara,Comstock,"Comstock, Barbara",Republican,Republican - Virginia,Virginia,VA,both,C001105,VA-10,1,"Comstock, Barbara",R,1,1,D,"187,712",R,"210,791"
52, Paul,Cook,"Cook, Paul",Republican,Republican - California,California,CA,both,C001094,CA-08,1,"Cook, Paul",R,1,1,D,"83,035",R,"136,972"
53, Jim,Cooper,"Cooper, Jim",Democratic,Democratic - Tennessee,Tennessee,TN,both,C000754,TN-05,1,"Cooper, Jim",D,1,1,R,"102,433",D,"171,111"
54, Jim,Costa,"Costa, Jim",Democratic,Democratic - California,California,CA,both,C001059,CA-16,1,"Costa, Jim",D,1,1,R,"70,483",D,"97,473"
55, Joe,Courtney,"Courtney, Joe",Democratic,Democratic - Connecticut,Connecticut,CT,both,C001069,CT-02,1,"Courtney, Joe",D,1,1,R,"111,149",D,"208,818"
56, Kevin,Cramer,"Cramer, Kevin",Republican,Republican - North Dakota,North Dakota,ND,both,C001096,ND-AL,1,"Cramer, Kevin",R,1,1,D,"80,377",R,"233,980"
57, Charlie,Crist,"Crist, Charlie",Democratic,Democratic - Florida,Florida,FL,both,C001111,FL-13,1,"Crist, Charlie",R,1,0,R,"171,149",D,"184,693"
58, Henry,Cuellar,"Cuellar, Henry",Democratic,Democratic - Texas,Texas,TX,both,C001063,TX-28,1,"Cuellar, Henry",D,1,1,R,"57,740",D,"122,086"
59, Carlos,Curbelo,"Curbelo, Carlos",Republican,Republican - Florida,Florida,FL,both,C001107,FL-26,1,"Curbelo, Carlos",R,1,1,D,"115,493",R,"148,547"
60, Warren,Davidson,"Davidson, Warren",Republican,Republican - Ohio,Ohio,OH,both,D000626,OH-08,1,"Davidson, Warren",R,1,1,D,"87,794",R,"223,833"
61, Rodney,Davis,"Davis, Rodney",Republican,Republican - Illinois,Illinois,IL,both,D000619,IL-13,1,"Davis, Rodney",R,1,1,D,"126,811",R,"187,583"
62, Diana,DeGette,"DeGette, Diana",Democratic,Democratic - Colorado,Colorado,CO,both,D000197,CO-01,1,"DeGette, Diana",D,1,1,R,"105,030",D,"257,254"
63, Jeff,Denham,"Denham, Jeff",Republican,Republican - California,California,CA,both,D000612,CA-10,1,"Denham, Jeff",R,1,1,D,"116,470",R,"124,671"
64, Ron,DeSantis,"DeSantis, Ron",Republican,Republican - Florida,Florida,FL,both,D000621,FL-06,1,"DeSantis, Ron",R,1,1,D,"151,051",R,"213,519"
65, Mark,DeSaulnier,"DeSaulnier, Mark",Democratic,Democratic - California,California,CA,both,D000623,CA-11,1,"DeSaulnier, Mark",D,1,1,R,"83,341",D,"214,868"
66, Scott,DesJarlais,"DesJarlais, Scott",Republican,Republican - Tennessee,Tennessee,TN,both,D000616,TN-04,1,"DesJarlais, Scott",R,1,1,D,"89,141",R,"165,796"
67, Mario,Diaz-Balart,"Diaz-Balart, Mario",Republican,Republican - Florida,Florida,FL,both,D000600,FL-25,1,"Diaz-Balart, Mario",R,1,1,D,"95,319",R,"157,921"
68, Debbie,Dingell,"Dingell, Debbie",Democratic,Democratic - Michigan,Michigan,MI,both,D000624,MI-12,1,"Dingell, Debbie",D,1,1,R,"96,104",D,"211,378"
69, Lloyd,Doggett,"Doggett, Lloyd",Democratic,Democratic - Texas,Texas,TX,both,D000399,TX-35,1,"Doggett, Lloyd",D,1,1,R,"62,384",D,"124,612"
70, Jeff,Duncan,"Duncan, Jeff",Republican,Republican - South Carolina,South Carolina,SC,both,D000615,SC-03,1,"Duncan, Jeff",R,1,1,D,"72,933",R,"196,325"
71, Keith,Ellison,"Ellison, Keith",Democratic,Democratic - Minnesota,Minnesota,MN,both,E000288,MN-05,1,"Ellison, Keith",D,1,1,R,"80,660",D,"249,964"
72, Tom,Emmer,"Emmer, Tom",Republican,Republican - Minnesota,Minnesota,MN,both,E000294,MN-06,1,"Emmer, Tom",R,1,1,D,"123,008",R,"235,380"
73, Adriano,Espaillat,"Espaillat, Adriano",Democratic,Democratic - New York,New York,NY,both,E000297,NY-13,1,"Espaillat, Adriano",D,1,1,R,"16,089",D,"207,194"
74, Dwight,Evans,"Evans, Dwight",Democratic,Democratic - Pennsylvania,Pennsylvania,PA,both,E000296,PA-02,0,"Evans, Dwight",D,0,0,R,"35,131",D,"322,514"
75, Blake,Farenthold,"Farenthold, Blake",Republican,Republican - Texas,Texas,TX,both,F000460,TX-27,1,"Farenthold, Blake",R,1,1,D,"88,329",R,"142,251"
76, Bill,Flores,"Flores, Bill",Republican,Republican - Texas,Texas,TX,both,F000461,TX-17,1,"Flores, Bill",R,1,1,D,"86,603",R,"149,417"
77, Jeff,Fortenberry,"Fortenberry, Jeff",Republican,Republican - Nebraska,Nebraska,NE,both,F000449,NE-01,1,"Fortenberry, Jeff",R,1,1,D,"83,467",R,"189,771"
78, Bill,Foster,"Foster, Bill",Democratic,Democratic - Illinois,Illinois,IL,both,F000454,IL-11,1,"Foster, Bill",D,1,1,R,"108,995",D,"166,578"
79, Virginia,Foxx,"Foxx, Virginia",Republican,Republican - North Carolina,North Carolina,NC,both,F000450,NC-05,1,"Foxx, Virginia",R,1,1,D,"147,887",R,"207,625"
80, Lois,Frankel,"Frankel, Lois",Democratic,Democratic - Florida,Florida,FL,both,F000462,FL-21,1,"Frankel, Lois",D,1,1,R,"118,038",D,"210,606"
81, Trent,Franks,"Franks, Trent",Republican,Republican - Arizona,Arizona,AZ,both,F000448,AZ-08,1,"Franks, Trent",R,1,1,G,"93,954",R,"204,942"
82, Tulsi,Gabbard,"Gabbard, Tulsi",Democratic,Democratic - Hawaii,Hawaii,HI,both,G000571,HI-02,1,"Gabbard, Tulsi",D,1,1,R,"39,668",D,"170,848"
83, Matt,Gaetz,"Gaetz, Matt",Republican,Republican - Florida,Florida,FL,both,G000578,FL-01,0,"Gaetz, Matt",R,0,0,R,"114,079",D,"255,107"
84, Mike,Gallagher,"Gallagher, Mike",Republican,Republican - Wisconsin,Wisconsin,WI,both,G000579,WI-08,1,"Gallagher, Mike",R,1,1,D,"135,682",R,"227,892"
85, Ruben,Gallego,"Gallego, Ruben",Democratic,Democratic - Arizona,Arizona,AZ,both,G000574,AZ-07,1,"Gallego, Ruben",D,1,1,R,"39,286",D,"119,465"
86, John,Garamendi,"Garamendi, John",Democratic,Democratic - California,California,CA,both,G000559,CA-03,1,"Garamendi, John",D,1,1,R,"104,453",D,"152,513"
87, Bob,Gibbs,"Gibbs, Bob",Republican,Republican - Ohio,Ohio,OH,both,G000563,OH-07,1,"Gibbs, Bob",R,1,1,D,"89,638",R,"198,221"
88, Louie,Gohmert,"Gohmert, Louie",Republican,Republican - Texas,Texas,TX,both,G000552,TX-01,1,"Gohmert, Louie",R,1,1,D,"62,847",R,"192,434"
89, Vicente,Gonzalez,"Gonzalez, Vicente",Democratic,Democratic - Texas,Texas,TX,both,G000581,TX-15,1,"Gonzalez, Vicente",D,1,1,R,"66,877",D,"101,712"
90, Bob,Goodlatte,"Goodlatte, Bob",Republican,Republican - Virginia,Virginia,VA,both,G000289,VA-06,1,"Goodlatte, Bob",R,1,1,D,"112,170",R,"225,471"
91, Josh,Gottheimer,"Gottheimer, Josh",Democratic,Democratic - New Jersey,New Jersey,NJ,both,G000583,NJ-05,1,"Gottheimer, Josh",D,1,1,R,"157,690",D,"172,587"
92, Trey,Gowdy,"Gowdy, Trey",Republican,Republican - South Carolina,South Carolina,SC,both,G000566,SC-04,1,"Gowdy, Trey",R,1,1,D,"91,676",R,"198,648"
93, Kay,Granger,"Granger, Kay",Republican,Republican - Texas,Texas,TX,both,G000377,TX-12,1,"Granger, Kay",R,1,1,D,"76,029",R,"196,482"
94, Garret,Graves,"Graves, Garret",Republican,Republican - Louisiana,Louisiana,LA,both,G000577,LA-06,1,"Graves, Garret",R,1,1,D,"49,380",R,"207,483"
95, Sam,Graves,"Graves, Sam",Republican,Republican - Missouri,Missouri,MO,both,G000546,MO-06,1,"Graves, Sam",R,1,1,D,"99,692",R,"238,388"
96, Tom,Graves,"Graves, Tom",Republican,Republican - Georgia,Georgia,GA,both,G000560,GA-14,1,"Graves, Tom",R,1,1,NONE,0,R,"216,743"
97, Al,Green,"Green, Al",Democratic,Democratic - Texas,Texas,TX,both,G000553,TX-09,1,"Green, Al",D,1,1,R,"36,491",D,"152,032"
98, Gene,Green,"Green, Gene",Democratic,Democratic - Texas,Texas,TX,both,G000410,TX-29,1,"Green, Gene",D,1,1,R,"31,646",D,"95,649"
99, Glenn,Grothman,"Grothman, Glenn",Republican,Republican - Wisconsin,Wisconsin,WI,both,G000576,WI-06,1,"Grothman, Glenn",R,1,1,D,"133,072",R,"204,147"
100, Brett,Guthrie,"Guthrie, Brett",Republican,Republican - Kentucky,Kentucky,KY,both,G000558,KY-02,0,"Guthrie, Brett",R,1,1,NONE,0,R,"251,825"
101, Colleen,Hanabusa,"Hanabusa, Colleen",Democratic,Democratic - Hawaii,Hawaii,HI,both,H001050,HI-01,0,"Hanabusa, Colleen",D,0,0,R,"45,958",D,"145,417"
102, Gregg,Harper,"Harper, Gregg",Republican,Republican - Mississippi,Mississippi,MS,both,H001045,MS-03,1,"Harper, Gregg",R,1,1,D,"96,101",R,"209,490"
103, Andy,Harris,"Harris, Andy",Republican,Republican - Maryland,Maryland,MD,both,H001052,MD-01,1,"Harris, Andy",R,1,1,D,"103,622",R,"242,574"
104, Denny,Heck,"Heck, Denny",Democratic,Democratic - Washington,Washington,WA,both,H001064,WA-10,1,"Heck, Denny",D,1,1,R,"120,104",D,"170,460"
105, Jeb,Hensarling,"Hensarling, Jeb",Republican,Republican - Texas,Texas,TX,both,H001036,TX-05,1,"Hensarling, Jeb",R,1,1,L,"37,406",R,"155,469"
106, Jaime,Herrera Beutler,"Herrera Beutler, Jaime",Republican,Republican - Washington,Washington,WA,both,H001056,WA-03,1,"Herrera Beutler, Jaime",R,1,1,D,"119,820",R,"193,457"
107, Brian,Higgins,"Higgins, Brian",Democratic,Democratic - New York,New York,NY,both,H001038,NY-26,1,"Higgins, Brian",D,1,1,R,"73,377",D,"215,289"
108, Clay,Higgins,"Higgins, Clay",Republican,Republican - Louisiana,Louisiana,LA,both,H001077,LA-03,0,"Higgins, Clay",R,0,0,R,"84,912",R,"91,532"
109, George,Holding,"Holding, George",Republican,Republican - North Carolina,North Carolina,NC,both,H001065,NC-02,1,"Holding, George",R,1,1,D,"169,082",R,"221,485"
110, Trey,Hollingsworth,"Hollingsworth, Trey",Republican,Republican - Indiana,Indiana,IN,both,H001074,IN-09,1,"Hollingsworth, Trey",R,1,1,D,"130,627",R,"174,791"
111, Richard,Hudson,"Hudson, Richard",Republican,Republican - North Carolina,North Carolina,NC,both,H001067,NC-08,1,"Hudson, Richard",R,1,1,D,"133,182",R,"189,863"
112, Jared,Huffman,"Huffman, Jared",Democratic,Democratic - California,California,CA,both,H001068,CA-02,1,"Huffman, Jared",D,1,1,R,"76,572",D,"254,194"
113, Bill,Huizenga,"Huizenga, Bill",Republican,Republican - Michigan,Michigan,MI,both,H001058,MI-02,1,"Huizenga, Bill",R,1,1,D,"110,391",R,"212,508"
114, Randy,Hultgren,"Hultgren, Randy",Republican,Republican - Illinois,Illinois,IL,both,H001059,IL-14,1,"Hultgren, Randy",R,1,1,D,"137,589",R,"200,508"
115, Duncan,Hunter,"Hunter, Duncan",Republican,Republican - California,California,CA,both,H000981,CA-50,1,"Hunter, Duncan",R,1,1,D,"103,646",R,"179,937"
116, Will,Hurd,"Hurd, Will",Republican,Republican - Texas,Texas,TX,both,H001073,TX-23,1,"Hurd, Will",R,1,1,D,"107,526",R,"110,577"
117, Pramila,Jayapal,"Jayapal, Pramila",Democratic,Democratic - Washington,Washington,WA,both,J000298,WA-07,1,"Jayapal, Pramila",D,1,1,D,"166,744",D,"212,010"
118, Lynn,Jenkins,"Jenkins, Lynn",Republican,Republican - Kansas,Kansas,KS,both,J000290,KS-02,1,"Jenkins, Lynn",R,1,1,D,"96,840",R,"181,228"
119, Bill,Johnson,"Johnson, Bill",Republican,Republican - Ohio,Ohio,OH,both,J000292,OH-06,1,"Johnson, Bill",R,1,1,D,"88,780",R,"213,975"
120, Mike,Johnson,"Johnson, Mike",Republican,Republican - Louisiana,Louisiana,LA,both,J000299,LA-04,0,"Johnson, Mike",R,0,0,R,"70,580",D,"80,593"
121, Sam,Johnson,"Johnson, Sam",Republican,Republican - Texas,Texas,TX,both,J000174,TX-03,1,"Johnson, Sam",R,1,1,D,"109,420",R,"193,684"
122, Jim,Jordan,"Jordan, Jim",Republican,Republican - Ohio,Ohio,OH,both,J000289,OH-04,1,"Jordan, Jim",R,1,1,D,"98,981",R,"210,227"
123, Marcy,Kaptur,"Kaptur, Marcy",Democratic,Democratic - Ohio,Ohio,OH,both,K000009,OH-09,1,"Kaptur, Marcy",D,1,1,R,"88,427",D,"193,966"
124, John,Katko,"Katko, John",Republican,Republican - New York,New York,NY,both,K000386,NY-24,1,"Katko, John",R,1,1,D,"119,040",R,"182,761"
125, Mike,Kelly,"Kelly, Mike",Republican,Republican - Pennsylvania,Pennsylvania,PA,both,K000376,PA-03,0,"Kelly, Mike",R,1,1,NONE,"244,893",R,"271,098"
126, Trent,Kelly,"Kelly, Trent",Republican,Republican - Mississippi,Mississippi,MS,both,K000388,MS-01,1,"Kelly, Trent",R,1,1,D,"83,947",R,"206,455"
127, Ro,Khanna,"Khanna, Ro",Democratic,Democratic - California,California,CA,both,K000389,CA-17,1,"Khanna, Ro",D,1,0,D,"90,924",D,"142,268"
128, Derek,Kilmer,"Kilmer, Derek",Democratic,Democratic - Washington,Washington,WA,both,K000381,WA-06,1,"Kilmer, Derek",D,1,1,R,"126,116",D,"201,718"
129, Ron,Kind,"Kind, Ron",Democratic,Democratic - Wisconsin,Wisconsin,WI,both,K000188,WI-03,0,"Kind, Ron",D,1,1,Write in,169,D,"257,401"
130, Steve,King,"King, Steve",Republican,Republican - Iowa,Iowa,IA,both,K000362,IA-04,1,"King, Steve",R,1,1,D,"142,993",R,"226,719"
131, Adam,Kinzinger,"Kinzinger, Adam",Republican,Republican - Illinois,Illinois,IL,both,K000378,IL-16,0,"Kinzinger, Adam",R,1,1,write in,131,R,"259,722"
132, Raja,Krishnamoorthi,"Krishnamoorthi, Raja",Democratic,Democratic - Illinois,Illinois,IL,both,K000391,IL-08,1,"Krishnamoorthi, Raja",D,1,1,R,"144,954",D,"144,954"
133, David,Kustoff,"Kustoff, David",Republican,Republican - Tennessee,Tennessee,TN,both,K000392,TN-08,0,"Kustoff, David",R,0,0,D,"70,925",R,"194,386"
134, Darin,LaHood,"LaHood, Darin",Republican,Republican - Illinois,Illinois,IL,both,L000585,IL-18,1,"LaHood, Darin",R,1,1,D,"96,770",R,"250,506"
135, Doug,LaMalfa,"LaMalfa, Doug",Republican,Republican - California,California,CA,both,L000578,CA-01,1,"LaMalfa, Doug",R,1,1,D,"128,588",R,"185,448"
136, Doug,Lamborn,"Lamborn, Doug",Republican,Republican - Colorado,Colorado,CO,both,L000564,CO-05,1,"Lamborn, Doug",R,1,1,D,"111,676",R,"225,445"
137, Leonard,Lance,"Lance, Leonard",Republican,Republican - New Jersey,New Jersey,NJ,both,L000567,NJ-07,1,"Lance, Leonard",R,1,1,D,"148,188",R,"185,850"
138, Rick,Larsen,"Larsen, Rick",Democratic,Democratic - Washington,Washington,WA,both,L000560,WA-02,1,"Larsen, Rick",D,1,1,R,"117,094",D,"208,314"
139, Barbara,Lee,"Lee, Barbara",Democratic,Democratic - California,California,CA,both,L000551,CA-13,1,"Lee, Barbara",D,1,1,R,"29,754",D,"293,117"
140, Jason,Lewis,"Lewis, Jason",Republican,Republican - Minnesota,Minnesota,MN,both,L000587,MN-02,0,"Lewis, Jason",R,0,0,D,"167,315",R,"173,970"
141, John,Lewis,"Lewis, John",Democratic,Democratic - Georgia,Georgia,GA,both,L000287,GA-05,1,"Lewis, John",D,1,1,R,"46,768",D,"253,781"
142, Ted,Lieu,"Lieu, Ted",Democratic,Democratic - California,California,CA,both,L000582,CA-33,1,"Lieu, Ted",D,1,1,R,"110,822",D,"219,397"
143, David,Loebsack,"Loebsack, David",Democratic,Democratic - Iowa,Iowa,IA,both,L000565,IA-02,1,"Loebsack, David",D,1,1,R,"170,933",D,"198,571"
144, Zoe,Lofgren,"Lofgren, Zoe",Democratic,Democratic - California,California,CA,both,L000397,CA-19,1,"Lofgren, Zoe",D,1,1,R,"64,061",D,"181,802"
145, Billy,Long,"Long, Billy",Republican,Republican - Missouri,Missouri,MO,both,L000576,MO-07,1,"Long, Billy",R,1,1,D,"92,756",R,"228,692"
146, Barry,Loudermilk,"Loudermilk, Barry",Republican,Republican - Georgia,Georgia,GA,both,L000583,GA-11,1,"Loudermilk, Barry",R,1,1,D,"105,383",R,"217,935"
147, Blaine,Luetkemeyer,"Luetkemeyer, Blaine",Republican,Republican - Missouri,Missouri,MO,both,L000569,MO-03,1,"Luetkemeyer, Blaine",R,1,1,D,"102,891",R,"249,865"
148, Michelle,Lujan Grisham,"Lujan Grisham, Michelle",Democratic,Democratic - New Mexico,New Mexico,NM,both,L000580,NM-01,1,"Lujan Grisham, Michelle",D,1,1,R,"96,879",D,"181,088"
149, Kenny,Marchant,"Marchant, Kenny",Republican,Republican - Texas,Texas,TX,both,M001158,TX-24,1,"Marchant, Kenny",R,1,1,D,"108,389",R,"154,845"
150, Tom,Marino,"Marino, Tom",Republican,Republican - Pennsylvania,Pennsylvania,PA,both,M001179,PA-10,1,"Marino, Tom",R,1,1,D,"89,823",R,"211,282"
151, Thomas,Massie,"Massie, Thomas",Republican,Republican - Kentucky,Kentucky,KY,both,M001184,KY-04,1,"Massie, Thomas",R,1,1,D,"94,065",R,"233,922"
152, Kevin,McCarthy,"McCarthy, Kevin",Republican,Republican - California,California,CA,both,M001165,CA-23,1,"McCarthy, Kevin",R,1,1,D,"74,468",R,"167,116"
153, Tom,McClintock,"McClintock, Tom",Republican,Republican - California,California,CA,both,M001177,CA-04,1,"McClintock, Tom",R,1,1,D,"130,845",R,"220,133"
154, Betty,McCollum,"McCollum, Betty",Democratic,Democratic - Minnesota,Minnesota,MN,both,M001143,MN-04,1,"McCollum, Betty",D,1,1,R,"121,032",D,"203,299"
155, Cathy,McMorris Rodgers,"McMorris Rodgers, Cathy",Republican,Republican - Washington,Washington,WA,both,M001159,WA-05,1,"McMorris Rodgers, Cathy",R,1,1,D,"130,575",R,"192,959"
156, Jerry,McNerney,"McNerney, Jerry",Democratic,Democratic - California,California,CA,both,M001166,CA-09,1,"McNerney, Jerry",D,1,1,R,"98,992",D,"133,163"
157, Martha,McSally,"McSally, Martha",Republican,Republican - Arizona,Arizona,AZ,both,M001197,AZ-02,1,"McSally, Martha",R,1,1,D,"135,873",R,"179,806"
158, Mark,Meadows,"Meadows, Mark",Republican,Republican - North Carolina,North Carolina,NC,both,M001187,NC-11,1,"Meadows, Mark",R,1,1,D,"129,103",R,"230,405"
159, Grace,Meng,"Meng, Grace",Democratic,Democratic - New York,New York,NY,both,M001188,NY-06,1,"Meng, Grace",D,1,1,R,"50,617",D,"136,506"
160, Luke,Messer,"Messer, Luke",Republican,Republican - Indiana,Indiana,IN,both,M001189,IN-06,1,"Messer, Luke",R,1,1,D,"79,135",R,"204,920"
161, Paul,Mitchell,"Mitchell, Paul",Republican,Republican - Michigan,Michigan,MI,both,M001201,MI-10,0,"Mitchell, Paul",R,0,0,D,"110,112",R,"215,132"
162, Gwen,Moore,"Moore, Gwen",Democratic,Democratic - Wisconsin,Wisconsin,WI,both,M001160,WI-04,1,"Moore, Gwen",D,1,1,I,"33,494",D,"220,181"
163, Seth,Moulton,"Moulton, Seth",Democratic,Democratic - Massachusetts,Massachusetts,MA,both,M001196,MA-06,1,"Moulton, Seth",D,1,1,Write in,"5,132",D,"308,923"
164, Markwayne,Mullin,"Mullin, Markwayne",Republican,Republican - Oklahoma,Oklahoma,OK,both,M001190,OK-02,1,"Mullin, Markwayne",R,1,1,D,"62,387",R,"189,839"
165, Mick,Mulvaney,"Mulvaney, Mick",Republican,Republican - South Carolina,South Carolina,SC,both,M001182,SC-05,1,"Mulvaney, Mick",R,1,1,D,"105,772",R,"161,669"
166, Tim,Murphy,"Murphy, Tim",Republican,Republican - Pennsylvania,Pennsylvania,PA,both,M001151,PA-18,1,"Murphy, Tim",R,1,1,NONE,0,R,"293,684"
167, Jerrold,Nadler,"Nadler, Jerrold",Democratic,Democratic - New York,New York,NY,both,N000002,NY-10,1,"Nadler, Jerrold",D,1,1,R,"53,857",D,"192,371"
168, Dan,Newhouse,"Newhouse, Dan",Republican,Republican - Washington,Washington,WA,both,N000189,WA-04,1,"Newhouse, Dan",R,1,1,R,"97,402",R,"132,517"
169, Donald,Norcross,"Norcross, Donald",Democratic,Democratic - New Jersey,New Jersey,NJ,both,N000188,NJ-01,1,"Norcross, Donald",D,1,1,R,"112,388",D,"183,231"
170, Devin,Nunes,"Nunes, Devin",Republican,Republican - California,California,CA,both,N000181,CA-22,1,"Nunes, Devin",R,1,1,D,"76,211",R,"158,755"
171, Tom,O'Halleran,"O'Halleran, Tom",Democratic,Democratic - Arizona,Arizona,AZ,both,O000171,AZ-01,0,"O'Halleran, Tom",D,0,0,R,"121,745",D,"142,219"
172, Beto,O'Rourke,"O'Rourke, Beto",Democratic,Democratic - Texas,Texas,TX,both,O000170,TX-16,1,"O'Rourke, Beto",D,1,1,L,"17,491",D,"150,228"
173, Pete,Olson,"Olson, Pete",Republican,Republican - Texas,Texas,TX,both,O000168,TX-22,1,"Olson, Pete",R,1,1,D,"123,679",R,"181,864"
174, Jimmy,Panetta,"Panetta, Jimmy",Democratic,Democratic - California,California,CA,both,P000613,CA-20,0,"Panetta, Jimmy",D,0,0,R,"74,811",D,"180,980"
175, Erik,Paulsen,"Paulsen, Erik",Republican,Republican - Minnesota,Minnesota,MN,both,P000594,MN-03,1,"Paulsen, Erik",R,1,1,D,"169,243",R,"223,077"
176, Nancy,Pelosi,"Pelosi, Nancy",Democratic,Democratic - California,California,CA,both,P000197,CA-12,1,"Pelosi, Nancy",D,1,1,I,"64,810",D,"274,035"
177, Ed,Perlmutter,"Perlmutter, Ed",Democratic,Democratic - Colorado,Colorado,CO,both,P000593,CO-07,1,"Perlmutter, Ed",D,1,1,R,"144,066",D,"199,758"
178, Scott,Perry,"Perry, Scott",Republican,Republican - Pennsylvania,Pennsylvania,PA,both,P000605,PA-04,1,"Perry, Scott",R,1,1,D,"113,372",R,"220,628"
179, Chellie,Pingree,"Pingree, Chellie",Democratic,Democratic - Maine,Maine,ME,both,P000597,ME-01,1,"Pingree, Chellie",D,1,1,R,"164,569",D,"227,546"
180, Robert,Pittenger,"Pittenger, Robert",Republican,Republican - North Carolina,North Carolina,NC,both,P000606,NC-09,1,"Pittenger, Robert",R,1,1,D,"139,041",R,"193,452"
181, Mark,Pocan,"Pocan, Mark",Democratic,Democratic - Wisconsin,Wisconsin,WI,both,P000607,WI-02,1,"Pocan, Mark",D,1,1,R,"124,044",D,"273,537"
182, Ted,Poe,"Poe, Ted",Republican,Republican - Texas,Texas,TX,both,P000592,TX-02,1,"Poe, Ted",R,1,1,D,"100,231",R,"168,692"
183, Bruce,Poliquin,"Poliquin, Bruce",Republican,Republican - Maine,Maine,ME,both,P000611,ME-02,1,"Poliquin, Bruce",R,1,1,D,"159,081",R,"192,878"
184, Jared,Polis,"Polis, Jared",Democratic,Democratic - Colorado,Colorado,CO,both,P000598,CO-02,1,"Polis, Jared",D,1,1,R,"170,001",D,"260,175"
185, Mike,Pompeo,"Pompeo, Mike",Republican,Republican - Kansas,Kansas,KS,both,P000602,KS-04,1,"Pompeo, Mike",R,1,1,D,"81,495",R,"166,998"
186, Bill,Posey,"Posey, Bill",Republican,Republican - Florida,Florida,FL,both,P000599,FL-08,1,"Posey, Bill",R,1,1,D,"127,127",R,"246,483"
187, Tom,Price,"Price, Tom",Republican,Republican - Georgia,Georgia,GA,both,P000591,GA-06,1,"Price, Tom",R,1,1,D,"124,917",R,"201,088"
188, Mike,Quigley,"Quigley, Mike",Democratic,Democratic - Illinois,Illinois,IL,both,Q000023,IL-05,1,"Quigley, Mike",D,1,1,R,"86,222",D,"212,842"
189, Jamie,Raskin,"Raskin, Jamie",Democratic,Democratic - Maryland,Maryland,MD,both,R000606,MD-08,0,"Raskin, Jamie",D,0,0,R,"124,651",D,"220,657"
190, John,Ratcliffe,"Ratcliffe, John",Republican,Republican - Texas,Texas,TX,both,R000601,TX-04,1,"Ratcliffe, John",R,1,1,L,"29,577",R,"216,643"
191, Tom,Reed,"Reed, Tom",Republican,Republican - New York,New York,NY,both,R000585,NY-23,1,"Reed, Tom",R,1,1,D,"118,584",R,"161,050"
192, Tom,Rice,"Rice, Tom",Republican,Republican - South Carolina,South Carolina,SC,both,R000597,SC-07,1,"Rice, Tom",R,1,1,D,"112,744",R,"176,468"
193, Martha,Roby,"Roby, Martha",Republican,Republican - Alabama,Alabama,AL,both,R000591,AL-02,1,"Roby, Martha",R,1,1,D,"112,089",R,"134,886"
194, Dana,Rohrabacher,"Rohrabacher, Dana",Republican,Republican - California,California,CA,both,R000409,CA-48,1,"Rohrabacher, Dana",R,1,1,D,"127,715",R,"178,701"
195, Todd,Rokita,"Rokita, Todd",Republican,Republican - Indiana,Indiana,IN,both,R000592,IN-04,1,"Rokita, Todd",R,1,1,D,"91,256",R,"193,412"
196, Francis,Rooney,"Rooney, Francis",Republican,Republican - Florida,Florida,FL,both,R000607,FL-19,0,"Rooney, Francis",R,0,0,D,"123,812",R,"239,225"
197, Ileana,Ros-Lehtinen,"Ros-Lehtinen, Ileana",Republican,Republican - Florida,Florida,FL,both,R000435,FL-27,1,"Ros-Lehtinen, Ileana",R,1,1,D,"129,760",R,"157,917"
198, Jacky,Rosen,"Rosen, Jacky",Democratic,Democratic - Nevada,Nevada,NV,both,R000608,NV-03,1,"Rosen, Jacky",D,1,1,R,"142,926",D,"146,869"
199, David,Rouzer,"Rouzer, David",Republican,Republican - North Carolina,North Carolina,NC,both,R000603,NC-07,1,"Rouzer, David",R,1,1,D,"135,905",R,"211,801"
200, Lucille,Roybal-Allard,"Roybal-Allard, Lucille",Democratic,Democratic - California,California,CA,both,R000486,CA-40,1,"Roybal-Allard, Lucille",D,1,1,I,"24,743",D,"106,554"
201, Raul,Ruiz,"Ruiz, Raul",Democratic,Democratic - California,California,CA,both,R000599,CA-36,1,"Ruiz, Raul",D,1,1,R,"88,269",D,"144,348"
202, Steve,Russell,"Russell, Steve",Republican,Republican - Oklahoma,Oklahoma,OK,both,R000604,OK-05,1,"Russell, Steve",R,1,1,D,"103,273",R,"160,184"
203, Tim,Ryan,"Ryan, Tim",Democratic,Democratic - Ohio,Ohio,OH,both,R000577,OH-13,1,"Ryan, Tim",D,1,1,R,"99,377",D,"208,610"
204, Mark,Sanford,"Sanford, Mark",Republican,Republican - South Carolina,South Carolina,SC,both,S000051,SC-01,1,"Sanford, Mark",R,1,1,D,"119,799",R,"190,410"
205, Steve,Scalise,"Scalise, Steve",Republican,Republican - Louisiana,Louisiana,LA,both,S001176,LA-01,1,"Scalise, Steve",R,1,1,D,"41,840",R,"243,645"
206, Kurt,Schrader,"Schrader, Kurt",Democratic,Democratic - Oregon,Oregon,OR,both,S001180,OR-05,1,"Schrader, Kurt",D,1,1,R,"160,443",D,"199,505"
207, David,Schweikert,"Schweikert, David",Republican,Republican - Arizona,Arizona,AZ,both,S001183,AZ-06,1,"Schweikert, David",R,1,1,D,"122,866",R,"201,578"
208, Austin,Scott,"Scott, Austin",Republican,Republican - Georgia,Georgia,GA,both,S001189,GA-08,1,"Scott, Austin",R,1,1,D,"83,225",R,"173,983"
209, David,Scott,"Scott, David",Democratic,Democratic - Georgia,Georgia,GA,both,S001157,GA-13,1,"Scott, David",D,1,1,NONE,0,D,"252,833"
210, Pete,Sessions,"Sessions, Pete",Republican,Republican - Texas,Texas,TX,both,S000250,TX-32,1,"Sessions, Pete",R,1,1,L,"43,490",R,"162,868"
211, Carol,Shea-Porter,"Shea-Porter, Carol",Democratic,Democratic - New Hampshire,New Hampshire,NH,both,S001170,NH-01,0,"Shea-Porter, Carol",R,0,0,R,"157,176",D,"162,080"
212, Brad,Sherman,"Sherman, Brad",Democratic,Democratic - California,California,CA,both,S000344,CA-30,1,"Sherman, Brad",D,1,1,R,"77,325",D,"205,279"
213, John,Shimkus,"Shimkus, John",Republican,Republican - Illinois,Illinois,IL,both,S000364,IL-15,0,"Shimkus, John",R,1,1,NONE,0,R,"274,554"
214, Kyrsten,Sinema,"Sinema, Kyrsten",Democratic,Democratic - Arizona,Arizona,AZ,both,S001191,AZ-09,1,"Sinema, Kyrsten",D,1,1,R,"108,350",D,"169,055"
215, Albio,Sires,"Sires, Albio",Democratic,Democratic - New Jersey,New Jersey,NJ,both,S001165,NJ-08,1,"Sires, Albio",D,1,1,R,"32,337",D,"134,733"
216, Adam,Smith,"Smith, Adam",Democratic,Democratic - Washington,Washington,WA,both,S000510,WA-09,1,"Smith, Adam",D,1,1,R,"76,317",D,"205,165"
217, Adrian,Smith,"Smith, Adrian",Republican,Republican - Nebraska,Nebraska,NE,both,S001172,NE-03,1,"Smith, Adrian",R,1,1,NONE,0,R,"226,720"
218, Jason,Smith,"Smith, Jason",Republican,Republican - Missouri,Missouri,MO,both,S001195,MO-08,1,"Smith, Jason",R,1,1,D,"70,009",R,"229,792"
219, Lamar,Smith,"Smith, Lamar",Republican,Republican - Texas,Texas,TX,both,S000583,TX-21,1,"Smith, Lamar",R,1,1,D,"129,765",R,"202,967"
220, Lloyd,Smucker,"Smucker, Lloyd",Republican,Republican - Pennsylvania,Pennsylvania,PA,both,S001199,PA-16,1,"Smucker, Lloyd",R,1,1,D,"134,586",R,"168,669"
221, Darren,Soto,"Soto, Darren",Democratic,Democratic - Florida,Florida,FL,both,S001200,FL-09,0,"Soto, Darren",D,0,0,R,"144,450",D,"195,311"
222, Jackie,Speier,"Speier, Jackie",Democratic,Democratic - California,California,CA,both,S001175,CA-14,1,"Speier, Jackie",D,1,1,R,"54,817",D,"231,630"
223, Chris,Stewart,"Stewart, Chris",Republican,Republican - Utah,Utah,UT,both,S001192,UT-02,1,"Stewart, Chris",R,1,1,D,"93,778",R,"170,524"
224, Steve,Stivers,"Stivers, Steve",Republican,Republican - Ohio,Ohio,OH,both,S001187,OH-15,1,"Stivers, Steve",R,1,1,D,"113,960",R,"222,847"
225, Eric,Swalwell,"Swalwell, Eric",Democratic,Democratic - California,California,CA,both,S001193,CA-15,1,"Swalwell, Eric",D,1,1,R,"70,619",D,"198,578"
226, Mark,Takano,"Takano, Mark",Democratic,Democratic - California,California,CA,both,T000472,CA-41,1,"Takano, Mark",D,1,1,R,"69,159",D,"128,164"
227, Scott,Taylor,"Taylor, Scott",Republican,Republican - Virginia,Virginia,VA,both,T000477,VA-02,1,"Taylor, Scott",R,1,1,D,"119,440",R,"190,475"
228, Claudia,Tenney,"Tenney, Claudia",Republican,Republican - New York,New York,NY,both,T000478,NY-22,0,"Tenney, Claudia",R,0,0,D,"114,266",R,"129,444"
229, Glenn,Thompson,"Thompson, Glenn",Republican,Republican - Pennsylvania,Pennsylvania,PA,both,T000467,PA-05,1,"Thompson, Glenn",R,1,1,D,"101,082",R,"206,761"
230, Mike,Thompson,"Thompson, Mike",Democratic,Democratic - California,California,CA,both,T000460,CA-05,1,"Thompson, Mike",D,1,1,R,"67,565",D,"224,526"
231, Mac,Thornberry,"Thornberry, Mac",Republican,Republican - Texas,Texas,TX,both,T000238,TX-13,1,"Thornberry, Mac",R,1,1,L,"14,725",R,"199,050"
232, Dina,Titus,"Titus, Dina",Democratic,Democratic - Nevada,Nevada,NV,both,T000468,NV-01,1,"Titus, Dina",D,1,1,R,"54,174",D,"116,537"
233, Paul,Tonko,"Tonko, Paul",Democratic,Democratic - New York,New York,NY,both,T000469,NY-20,1,"Tonko, Paul",D,1,1,R,"100,738",D,"213,021"
234, Niki,Tsongas,"Tsongas, Niki",Democratic,Democratic - Massachusetts,Massachusetts,MA,both,T000465,MA-03,1,"Tsongas, Niki",D,1,1,R,"107,519",D,"236,713"
235, Fred,Upton,"Upton, Fred",Republican,Republican - Michigan,Michigan,MI,both,U000031,MI-06,1,"Upton, Fred",R,1,1,D,"119,980",R,"193,259"
236, Juan,Vargas,"Vargas, Juan",Democratic,Democratic - California,California,CA,both,V000130,CA-51,1,"Vargas, Juan",D,1,1,R,"54,362",D,"145,162"
237, Filemon,Vela,"Vela, Filemon",Democratic,Democratic - Texas,Texas,TX,both,V000132,TX-34,1,"Vela, Filemon",D,1,1,R,"62,323",D,"104,638"
238, Ann,Wagner,"Wagner, Ann",Republican,Republican - Missouri,Missouri,MO,both,W000812,MO-02,1,"Wagner, Ann",R,1,1,D,"155,689",R,"241,954"
239, Tim,Walberg,"Walberg, Tim",Republican,Republican - Michigan,Michigan,MI,both,W000798,MI-07,1,"Walberg, Tim",R,1,1,D,"134,010",R,"184,321"
240, Greg,Walden,"Walden, Greg",Republican,Republican - Oregon,Oregon,OR,both,W000791,OR-02,1,"Walden, Greg",R,1,1,D,"106,640",R,"272,952"
241, Mark,Walker,"Walker, Mark",Republican,Republican - North Carolina,North Carolina,NC,both,W000819,NC-06,1,"Walker, Mark",R,1,1,D,"143,167",R,"207,983"
242, Jackie,Walorski,"Walorski, Jackie",Republican,Republican - Indiana,Indiana,IN,both,W000813,IN-02,1,"Walorski, Jackie",R,1,1,D,"102,401",R,"164,355"
243, Mimi,Walters,"Walters, Mimi",Republican,Republican - California,California,CA,both,W000820,CA-45,1,"Walters, Mimi",R,1,1,D,"129,231",R,"182,618"
244, Debbie,Wasserman Schultz,"Wasserman Schultz, Debbie",Democratic,Democratic - Florida,Florida,FL,both,W000797,FL-23,1,"Wasserman Schultz, Debbie",D,1,1,R,"130,818",D,"183,225"
245, Maxine,Waters,"Waters, Maxine",Democratic,Democratic - California,California,CA,both,W000187,CA-43,1,"Waters, Maxine",D,1,1,R,"52,499",D,"167,017"
246, Bonnie,Watson Coleman,"Watson Coleman, Bonnie",Democratic,Democratic - New Jersey,New Jersey,NJ,both,W000822,NJ-12,1,"Watson Coleman, Bonnie",D,1,1,R,"92,407",D,"181,430"
247, Peter,Welch,"Welch, Peter",Democratic,Democratic - Vermont,Vermont,VT,both,W000800,VT-AL,1,"Welch, Peter",D,1,1,LU,"29,410",D,"264,414"
248, Bruce,Westerman,"Westerman, Bruce",Republican,Republican - Arkansas,Arkansas,AR,both,W000821,AR-04,1,"Westerman, Bruce",R,1,1,L,"61,274",R,"182,885"
249, Roger,Williams,"Williams, Roger",Republican,Republican - Texas,Texas,TX,both,W000816,TX-25,1,"Williams, Roger",R,1,1,D,"117,073",R,"180,988"
250, Joe,Wilson,"Wilson, Joe",Republican,Republican - South Carolina,South Carolina,SC,both,W000795,SC-02,1,"Wilson, Joe",R,1,1,D,"109,452",R,"183,746"
251, Steve,Womack,"Womack, Steve",Republican,Republican - Arkansas,Arkansas,AR,both,W000809,AR-03,1,"Womack, Steve",R,1,1,L,"63,715",R,"217,192"
252, Rob,Woodall,"Woodall, Rob",Republican,Republican - Georgia,Georgia,GA,both,W000810,GA-07,1,"Woodall, Rob",R,1,1,D,"114,220",R,"174,081"
253, Kevin,Yoder,"Yoder, Kevin",Republican,Republican - Kansas,Kansas,KS,both,Y000063,KS-03,1,"Yoder, Kevin",R,1,1,D,"139,300",R,"176,022"
254, David,Young,"Young, David",Republican,Republican - Iowa,Iowa,IA,both,Y000066,IA-03,1,"Young, David",R,1,1,D,"155,002",R,"208,598"
255, Don,Young,"Young, Don",Republican,Republican - Alaska,Alaska,AK,both,Y000033,AK-AL,1,"Young, Don",R,1,1,D,"111,019",R,"155,088"
256,,,,,,,,right_only,,AL-03,1,"Rogers, Mike",R,1,1,D,"94,549",R,"192,164"
257,,,,,,,,right_only,,AL-04,0,"Aderholt, Rob",R,1,1,write in,"3,519",R,"235,925"
258,,,,,,,,right_only,,AL-06,1,"Palmer, Gary",R,1,1,D,"83,709",R,"245,313"
259,,,,,,,,right_only,,AL-07,0,"Sewell, Terri",D,1,1,write in,"3,698",D,"229,330"
260,,,,,,,,right_only,,AR-01,1,"Crawford, Rick",R,1,1,L,"57,181",R,"183,866"
261,,,,,,,,right_only,,AR-02,1,"Hill, French",R,1,1,D,"111,347",R,"176,472"
262,,,,,,,,right_only,,AZ-03,0,"Grijalva, Raul",D,1,1,write in,"2,062",D,"148,973"
263,,,,,,,,right_only,,AZ-04,1,"Gosar, Paul",R,1,1,D,"81,296",R,"203,487"
264,,,,,,,,right_only,,CA-06,1,"Matsui, Doris",D,1,1,R,"57,848",D,"177,565"
265,,,,,,,,right_only,,CA-18,1,"Eshoo, Anna",D,1,1,R,"93,470",D,"230,460"
266,,,,,,,,right_only,,CA-21,1,"Valadao, David",R,1,1,D,"57,282",R,"75,126"
267,,,,,,,,right_only,,CA-24,0,"Carbajal, Salud",D,0,0,D,"144,780",D,"166,034"
268,,,,,,,,right_only,,CA-25,1,"Knight, Steve",R,1,1,D,"122,406",R,"138,755"
269,,,,,,,,right_only,,CA-28,1,"Schiff, Adam",D,1,1,R,"59,526",D,"210,883"
270,,,,,,,,right_only,,CA-32,1,"Napolitano, Grace",D,1,1,D,"71,720",D,"114,926"
271,,,,,,,,right_only,,CA-35,1,"Torres, Norma",D,1,1,R,"47,309",D,"124,044"
272,,,,,,,,right_only,,CA-38,1,"Sanchez, Linda",D,1,1,R,"68,524",D,"163,590"
273,,,,,,,,right_only,,CA-39,1,"Royce, Ed",R,1,1,D,"112,679",R,"150,777"
274,,,,,,,,right_only,,CA-44,1,"Barragan, Nanette",D,1,1,D,"85,289",D,"93,124"
275,,,,,,,,right_only,,CA-46,0,"Correa, Lou",D,0,0,D,"49,345",D,"115,248"
276,,,,,,,,right_only,,CA-47,1,"Lowenthal, Alan",D,1,1,R,"88,109",D,"154,759"
277,,,,,,,,right_only,,CA-49,1,"Issa, Darrell",R,1,1,R,"154,267",R,"155,888"
278,,,,,,,,right_only,,CA-52,1,"Peters, Scott",D,1,1,R,"139,403",D,"181,253"
279,,,,,,,,right_only,,CA-53,1,"Davis, Susan",D,1,1,R,"97,968",D,"198,988"
280,,,,,,,,right_only,,CO-03,1,"Tipton, Scott",R,1,1,D,"150,914",R,"204,220"
281,,,,,,,,right_only,,CT-01,1,"Larson, John",D,1,1,R,"105,674",D,"200,686"
282,,,,,,,,right_only,,CT-03,1,"DeLauro, Rosa",D,1,1,R,"95,786",D,"213,572"
283,,,,,,,,right_only,,CT-04,1,"Himes, Jim",D,1,1,R,"125,724",D,"187,811"
284,,,,,,,,right_only,,CT-05,1,"Esty, Elizabeth",D,1,1,R,"129,801",D,"179,252"
285,,,,,,,,right_only,,FL-02,0,"Dunn, Neal",D,0,0,D,"102,801",R,"231,163"
286,,,,,,,,right_only,,FL-03,1,"Yoho, Ted",R,1,1,D,"136,338",R,"193,843"
287,,,,,,,,right_only,,FL-04,1,"Rutherford, John",R,1,1,D,"113,088",R,"287,509"
288,,,,,,,,right_only,,FL-05,1,"Lawson, Al",D,1,1,R,"108,325",D,"194,549"
289,,,,,,,,right_only,,FL-07,1,"Murphy, Stephanie",D,1,1,R,"171,583",D,"182,039"
290,,,,,,,,right_only,,FL-10,0,"Demings, Val",R,0,0,R,"107,498",D,"198,491"
291,,,,,,,,right_only,,FL-11,1,"Webster, Dan",R,1,1,D,"124,713",R,"258,016"
292,,,,,,,,right_only,,FL-12,1,"Bilirakis, Gus",R,1,1,D,"116,110",R,"253,559"
293,,,,,,,,right_only,,FL-15,1,"Ross, Dennis",R,1,1,D,"135,475",R,"182,999"
294,,,,,,,,right_only,,FL-17,1,"Rooney, Tom",R,1,1,D,"115,974",R,"209,348"
295,,,,,,,,right_only,,FL-18,1,"Mast, Brian",R,1,1,D,"161,918",R,"201,488"
296,,,,,,,,right_only,,FL-20,1,"Hastings, Alcee",D,1,1,R,"54,646",D,"222,914"
297,,,,,,,,right_only,,FL-22,1,"Deutch, Ted",D,1,1,R,"138,737",D,"199,113"
298,,,,,,,,right_only,,FL-24,0,"Wilson, Frederica",D,1,1,,,D,
299,,,,,,,,right_only,,GA-01,1,"Carter, Buddy",R,1,1,NONE,0,R,"210,243"
300,,,,,,,,right_only,,GA-02,1,"Bishop, Sanford",D,1,1,R,"94,056",D,"148,543"
301,,,,,,,,right_only,,GA-03,1,"Ferguson, Drew",R,1,1,D,"95,969",R,"207,218"
302,,,,,,,,right_only,,GA-04,1,"Johnson, Hank",D,1,1,R,"70,593",D,"220,146"
303,,,,,,,,right_only,,GA-10,0,"Hice, Jodi",R,1,1,NONE,0,R,"243,725"
304,,,,,,,,right_only,,GA-12,1,"Allen, Rick",R,1,1,D,"99,420",R,"159,492"
305,,,,,,,,right_only,,ID-01,1,"Labrador, Raul",R,1,1,D,"113,052",R,"242,252"
306,,,,,,,,right_only,,ID-02,1,"Simpson, Mike",R,1,1,D,"95,940",R,"205,292"
307,,,,,,,,right_only,,IL-01,1,"Rush, Bobby",D,1,1,R,"81,817",D,"234,037"
308,,,,,,,,right_only,,IL-02,1,"Kelly, Robin",D,1,1,R,"59,471",D,"235,051"
309,,,,,,,,right_only,,IL-03,0,"Lipinski, Dan",D,1,1,write in,91,D,"225,320"
310,,,,,,,,right_only,,IL-04,0,"Gutierrez, Luis",D,1,1,NONE,0,D,"171,297"
311,,,,,,,,right_only,,IL-06,1,"Roskam, Peter",R,1,1,D,"143,591",R,"208,555"
312,,,,,,,,right_only,,IL-07,1,"Davis, Danny",D,1,1,R,"46,882",D,"250,584"
313,,,,,,,,right_only,,IL-09,1,"Schakowsky, Jan",D,1,1,R,"109,550",D,"217,306"
314,,,,,,,,right_only,,IL-10,1,"Schneider, Brad",R,1,0,R,"135,535",D,"150,435"
315,,,,,,,,right_only,,IN-01,1,"Visclosky, Pete",D,1,1,L,"47,051",D,"207,515"
316,,,,,,,,right_only,,IN-05,1,"Brooks, Susan",R,1,1,D,"123,849",R,"221,957"
317,,,,,,,,right_only,,KS-01,0,"Marshall, Roger",R,0,0,I,"67,739",R,"169,992"
318,,,,,,,,right_only,,KY-03,1,"Yarmuth, John",D,1,1,R,"122,093",D,"212,401"
319,,,,,,,,right_only,,KY-05,0,"Rogers, Hal",R,1,1,NONE,0,R,"221,242"
320,,,,,,,,right_only,,LA-02,1,"Richmond, Cedric",D,1,1,D,"57,125",D,"198,289"
321,,,,,,,,right_only,,LA-05,1,"Abraham, Ralph",R,1,1,R,"47,117",R,"208,545"
322,,,,,,,,right_only,,MA-01,1,"Neal, Richard",D,1,1,I,"57,504",D,"235,803"
323,,,,,,,,right_only,,MA-02,1,"McGovern, Jim",D,1,1,write in,"4,924",D,"275,487"
324,,,,,,,,right_only,,MA-04,1,"Kennedy, Joe",D,1,1,R,"113,055",D,"265,823"
325,,,,,,,,right_only,,MA-05,1,"Clark, Katherine",D,1,1,Write in,"4,201",D,"285,606"
326,,,,,,,,right_only,,MA-07,1,"Capuano, Mike",D,1,1,Write in,"3,557",D,"253,354"
327,,,,,,,,right_only,,MA-08,1,"Lynch, Stephen",D,1,1,R,"102,744",D,"271,019"
328,,,,,,,,right_only,,MA-09,1,"Keating, Bill",D,1,1,R,"127,803",D,"211,790"
329,,,,,,,,right_only,,MD-02,1,"Ruppersberger, Dutch",D,1,1,R,"102,577",D,"192,183"
330,,,,,,,,right_only,,MD-03,1,"Sarbanes, John",D,1,1,R,"115,048",D,"214,640"
331,,,,,,,,right_only,,MD-04,0,"Brown, Anthony",D,0,0,R,"68,670",D,"237,501"
332,,,,,,,,right_only,,MD-05,1,"Hoyer, Steny",D,1,1,R,"105,931",D,"242,989"
333,,,,,,,,right_only,,MD-06,1,"Delaney, John",D,1,1,R,"133,081",D,"185,770"
334,,,,,,,,right_only,,MD-07,1,"Cummings, Elijah",D,1,1,R,"69,556",D,"238,838"
335,,,,,,,,right_only,,MI-04,1,"Moolenaar, John",R,1,1,D,"101,277",R,"194,572"
336,,,,,,,,right_only,,MI-05,1,"Kildee, Dan",D,1,1,R,"112,102",D,"195,279"
337,,,,,,,,right_only,,MI-09,1,"Levin, Sander",D,1,1,R,"128,937",D,"199,661"
338,,,,,,,,right_only,,MI-11,1,"Trott, Dave",R,1,1,D,"152,461",R,"200,872"
339,,,,,,,,right_only,,MI-13,1,"Conyers, John",D,1,1,R,"40,541",D,"198,771"
340,,,,,,,,right_only,,MI-14,1,"Lawrence, Brenda",D,1,1,R,"58,103",D,"244,135"
341,,,,,,,,right_only,,MN-01,1,"Walz, Tim",D,1,1,R,"166,526",D,"169,074"
342,,,,,,,,right_only,,MN-07,1,"Peterson, Collin",D,1,1,R,"156,952",D,"173,589"
343,,,,,,,,right_only,,MN-08,1,"Nolan, Rick",D,1,1,R,"177,089",D,"179,098"
344,,,,,,,,right_only,,MO-01,1,"Clay, Lacy",D,1,1,R,"62,714",D,"236,993"
345,,,,,,,,right_only,,MO-04,1,"Hartzler, Vicki",R,1,1,D,"92,510",R,"225,348"
346,,,,,,,,right_only,,MS-02,1,"Thompson, Bennie",D,1,1,R,"83,542",D,"192,343"
347,,,,,,,,right_only,,MS-04,1,"Palazzo, Steven",R,1,1,D,"77,505",R,"181,323"
348,,,,,,,,right_only,,MT-AL,1,"Zinke, Ryan",R,1,1,D,"205,919",R,"285,358"
349,,,,,,,,right_only,,NC-01,1,"Butterfield, G.K.",D,1,1,R,"101,567",D,"240,661"
350,,,,,,,,right_only,,NC-03,1,"Jones, Walter",R,1,1,D,"106,170",R,"217,531"
351,,,,,,,,right_only,,NC-04,1,"Price, David",D,1,1,R,"130,161",D,"279,380"
352,,,,,,,,right_only,,NC-10,1,"McHenry, Patrick",R,1,1,D,"128,919",R,"220,825"
353,,,,,,,,right_only,,NC-12,1,"Adams, Alma",D,1,1,R,"115,185",D,"234,115"
354,,,,,,,,right_only,,NH-02,1,"Kuster, Annie",D,1,1,,"158,825",D,"174,371"
355,,,,,,,,right_only,,NJ-02,1,"LoBiondo, Frank",R,1,1,D,"110,838",R,"176,338"
356,,,,,,,,right_only,,NJ-03,1,"MacArthur, Tom",R,1,1,D,"127,526",R,"194,596"
357,,,,,,,,right_only,,NJ-04,1,"Smith, Chris",R,1,1,D,"111,532",R,"211,992"
358,,,,,,,,right_only,,NJ-06,1,"Pallone, Frank",D,1,1,R,"91,908",D,"167,895"
359,,,,,,,,right_only,,NJ-09,1,"Pascrell, Bill",D,1,1,R,"65,376",D,"162,642"
360,,,,,,,,right_only,,NJ-10,1,"Payne, Donald",D,1,1,R,"26,450",D,"190,856"
361,,,,,,,,right_only,,NJ-11,1,"Frelinghuysen, Rodney",D,1,1,R,"130,162",D,"194,299"
362,,,,,,,,right_only,,NM-02,1,"Pearce, Steve",R,1,1,D,"85,232",R,"143,514"
363,,,,,,,,right_only,,NM-03,1,"Lujan, Ben",D,1,1,R,"102,730",D,"170,612"
364,,,,,,,,right_only,,NV-02,1,"Amodei, Mark",R,1,1,D,"115,722",R,"182,676"
365,,,,,,,,right_only,,NV-04,1,"Kihuen, Ruben",D,1,1,R,"118,328",D,"128,985"
366,,,,,,,,right_only,,NY-01,1,"Zeldin, Lee",R,1,1,D,"135,278",R,"188,499"
367,,,,,,,,right_only,,NY-02,1,"King, Peter",R,1,1,D,"110,938",R,"181,506"
368,,,,,,,,right_only,,NY-03,1,"Suozzi, Tom",D,1,1,R,"152,304",D,"171,775"
369,,,,,,,,right_only,,NY-04,1,"Rice, Kathleen",D,1,1,R,"126,438",D,"186,423"
370,,,,,,,,right_only,,NY-05,1,"Meeks, Gregory",D,1,1,R,"30,312",D,"199,815"
371,,,,,,,,right_only,,NY-07,1,"Velazquez, Nydia",D,1,1,R,"17,478",D,"172,146"
372,,,,,,,,right_only,,NY-08,1,"Jeffries, Hakeem",D,1,1,C,"15,401",D,"214,595"
373,,,,,,,,right_only,,NY-09,1,"Clarke, Yvette",D,1,1,C,"17,576",D,"214,189"
374,,,,,,,,right_only,,NY-11,1,"Donovan, Dan",R,1,1,D,"85,257",R,"142,934"
375,,,,,,,,right_only,,NY-12,1,"Maloney, Carolyn",D,1,1,R,"49,398",D,"244,358"
376,,,,,,,,right_only,,NY-14,1,"Crowley, Joe",D,1,1,R,"30,545",D,"147,587"
377,,,,,,,,right_only,,NY-15,1,"Serrano, Jose",D,1,1,R,"6,129",D,"165,688"
378,,,,,,,,right_only,,NY-16,1,"Engel, Eliot",D,1,1,PC,"11,825",D,"209,857"
379,,,,,,,,right_only,,NY-17,0,"Lowey, Nita",D,1,1,NONE,0,D,"214,530"
380,,,,,,,,right_only,,NY-18,1,"Maloney, Sean",D,1,1,R,"129,369",D,"162,060"
381,,,,,,,,right_only,,NY-19,0,"Faso, John",R,0,0,D,"141,224",R,"166,171"
382,,,,,,,,right_only,,NY-21,1,"Stefanik, Elise",R,1,1,D,"82,161",R,"177,886"
383,,,,,,,,right_only,,NY-25,1,"Slaughter, Louise",D,1,1,R,"142,650",D,"182,950"
384,,,,,,,,right_only,,OH-02,1,"Wenstrup, Brad",R,1,1,D,"111,694",R,"221,193"
385,,,,,,,,right_only,,OH-05,1,"Latta, Bob",R,1,1,D,"100,392",R,"244,599"
386,,,,,,,,right_only,,OH-10,1,"Turner, Michael",R,1,1,D,"109,981",R,"215,724"
387,,,,,,,,right_only,,OH-11,1,"Fudge, Marcia",D,1,1,R,"59,769",D,"242,917"
388,,,,,,,,right_only,,OH-12,1,"Tiberi, Patrick",R,1,1,D,"112,638",R,"251,266"
389,,,,,,,,right_only,,OH-14,1,"Joyce, David",R,1,1,D,"130,907",R,"219,191"
390,,,,,,,,right_only,,OH-16,1,"Renacci, Jim",R,1,1,D,"119,830",R,"225,794"
391,,,,,,,,right_only,,OK-03,1,"Lucas, Frank",R,1,1,D,"63,090",R,"227,525"
392,,,,,,,,right_only,,OR-04,1,"DeFazio, Peter",D,1,1,R,"157,743",D,"220,628"
393,,,,,,,,right_only,,PA-01,1,"Brady, Bob",D,1,1,R,"53,219",D,"245,791"
394,,,,,,,,right_only,,PA-06,1,"Costello, Ryan",R,1,1,D,"155,000",R,"207,469"
395,,,,,,,,right_only,,PA-07,1,"Meehan, Pat",R,1,1,D,"153,824",R,"225,678"
396,,,,,,,,right_only,,PA-08,1,"Fitzpatrick, Brian",R,1,1,D,"173,555",R,"207,263"
397,,,,,,,,right_only,,PA-09,1,"Schuster, Bill",R,1,1,D,"107,985",R,"186,580"
398,,,,,,,,right_only,,PA-12,1,"Rothfus, Keith",R,1,1,D,"137,353",R,"221,851"
399,,,,,,,,right_only,,PA-13,0,"Boyle, Brendan",D,1,1,NONE,0,D,"239,316"
400,,,,,,,,right_only,,PA-14,1,"Doyle, Michael",D,1,1,R,"87,999",D,"255,293"
401,,,,,,,,right_only,,PA-15,1,"Dent, Charlie",R,1,1,D,"124,129",R,"190,618"
402,,,,,,,,right_only,,RI-01,1,"Cicilline, David",D,1,1,R,"71,023",D,"130,534"
403,,,,,,,,right_only,,RI-02,1,"Langevin, Jim",D,1,1,R,"70,301",D,"133,108"
404,,,,,,,,right_only,,SC-06,1,"Clyburn, Jim",D,1,1,R,"70,099",D,"177,947"
405,,,,,,,,right_only,,SD-AL,1,"Noem, Kristi",R,1,1,D,"132,810",R,"237,163"
406,,,,,,,,right_only,,TN-01,1,"Roe, Phil",R,1,1,D,"39,024",R,"198,293"
407,,,,,,,,right_only,,TN-02,1,"Duncan, John",R,1,1,D,"68,401",R,"212,455"
408,,,,,,,,right_only,,TN-03,1,"Fleischmann, Chuck",R,1,1,D,"76,727",R,"176,613"
409,,,,,,,,right_only,,TX-07,1,"Culberson, John",R,1,1,D,"111,991",R,"143,542"
410,,,,,,,,right_only,,TX-10,1,"McCaul, Michael",R,1,1,D,"120,170",R,"179,221"
411,,,,,,,,right_only,,TX-11,1,"Conaway, Michael",R,1,1,L,"23,677",R,"201,871"
412,,,,,,,,right_only,,TX-14,1,"Weber, Randy",R,1,1,D,"99,054",R,"160,631"
413,,,,,,,,right_only,,TX-18,1,"Jackson-Lee, Sheila",D,1,1,R,"48,306",D,"150,157"
414,,,,,,,,right_only,,TX-19,1,"Arrington, Jodey",R,1,1,L,"17,376",R,"176,314"
415,,,,,,,,right_only,,TX-26,1,"Burgess, Michael",R,1,1,D,"94,507",R,"211,730"
416,,,,,,,,right_only,,TX-30,1,"Johnson, E.B.",D,1,1,R,"41,518",D,"170,502"
417,,,,,,,,right_only,,TX-31,1,"Carter, John",R,1,1,D,"103,852",R,"166,060"
418,,,,,,,,right_only,,TX-33,1,"Veasey, Marc",D,1,1,R,"33,222",D,"93,147"
419,,,,,,,,right_only,,UT-04,1,"Love, Mia",R,1,1,D,"113,413",R,"147,597"
420,,,,,,,,right_only,,VA-01,1,"Wittman, Rob",R,1,1,D,"140,785",R,"230,213"
421,,,,,,,,right_only,,VA-03,1,"Scott, Bobby",D,1,1,R,"103,289",D,"208,337"
422,,,,,,,,right_only,,VA-04,0,"McEachin, Donald",R,0,0,R,"145,731",D,"200,136"
423,,,,,,,,right_only,,VA-05,0,"Garrett, Tom",R,0,0,D,"148,339",R,"207,758"
424,,,,,,,,right_only,,VA-08,1,"Beyer, Don",D,1,1,R,"98,387",D,"246,653"
425,,,,,,,,right_only,,VA-09,1,"Griffith, Morgan",R,1,1,D,"87,877",R,"212,838"
426,,,,,,,,right_only,,VA-11,0,"Connolly, Gerry",D,1,1,Write in,"34,185",D,"247,818"
427,,,,,,,,right_only,,WA-01,1,"DelBene, Suzan",D,1,1,R,"155,779",D,"193,619"
428,,,,,,,,right_only,,WA-08,1,"Reichert, David",R,1,1,D,"127,720",R,"193,145"
429,,,,,,,,right_only,,WI-01,1,"Ryan, Paul",R,1,1,D,"107,003",R,"230,072"
430,,,,,,,,right_only,,WI-05,1,"Sensenbrenner, Jim",R,1,1,D,"114,477",R,"260,706"
431,,,,,,,,right_only,,WI-07,1,"Duffy, Sean",R,1,1,D,"138,643",R,"223,418"
432,,,,,,,,right_only,,WV-01,1,"McKinley, David",R,1,1,D,"73,534",R,"163,469"
433,,,,,,,,right_only,,WV-02,1,"Mooney, Alex",R,1,1,D,"101,207",R,"140,807"
434,,,,,,,,right_only,,WV-03,1,"Jenkins, Evan",R,1,1,D,"49,708",R,"140,741"
0, Kelly,Ayotte,"Ayotte, Kelly",Republican,Republican - New Hampshire,New Hampshire,NH,,A000368,NH,1,Ayotte,R,1,0,R,"353,632",D,"354,649"
1, Michael F.,Bennet,"Bennet, Michael F.",Democratic,Democratic - Colorado,Colorado,CO,,B001267,CO,1,Bennet,D,1,1,R,"1,215,318",D,"1,370,710"
2, Richard,Blumenthal,"Blumenthal, Richard",Democratic,Democratic - Connecticut,Connecticut,CT,,B001277,CT,1,Blumenthal,D,1,1,R,"552,621",D,"1,008,714"
3, Roy,Blunt,"Blunt, Roy",Republican,Republican - Missouri,Missouri,MO,,B000575,MO,1,Blunt,R,1,1,D,"1,300,200",R,"1,378,458"
4, John,Boozman,"Boozman, John",Republican,Republican - Arkansas,Arkansas,AR,,B001236,AR,1,Boozman,R,1,1,D,"400,602",R,"661,984"
5, Barbara,Boxer,"Boxer, Barbara",Democratic,Democratic - California,California,CA,,B000711,CA,0,Boxer,D,0,0,D,"4,701,417",D,"7,542,753"
6, Richard,Burr,"Burr, Richard",Republican,Republican - North Carolina,North Carolina,NC,,B001135,NC,1,Burr,R,1,1,D,"2,128,165",R,"2,395,376"
7, Mike,Crapo,"Crapo, Mike",Republican,Republican - Idaho,Idaho,ID,,C000880,ID,1,Crapo,R,1,1,D,"188,249",R,"449,017"
8, Chuck,Grassley,"Grassley, Chuck",Republican,Republican - Iowa,Iowa,IA,,G000386,IA,1,Grassley,R,1,1,D,"549,460",R,"926,007"
9, John,Hoeven,"Hoeven, John",Republican,Republican - North Dakota,North Dakota,ND,,H001061,ND,1,Hoeven,R,1,1,D,"58,116",R,"268,788"
10, Johnny,Isakson,"Isakson, Johnny",Republican,Republican - Georgia,Georgia,GA,,I000055,GA,1,Isakson,R,1,1,D,"1,599,726",R,"2,135,806"
11, Mark Steven,Kirk,"Kirk, Mark Steven",Republican,Republican - Illinois,Illinois,IL,,K000360,IL,1,Kirk,R,1,0,R,"2,184,692",D,"3,012,940"
12, James,Lankford,"Lankford, James",Republican,Republican - Oklahoma,Oklahoma,OK,,L000575,OK,1,Lankford,R,1,1,D,"355,911",R,"980,892"
13, Patrick J.,Leahy,"Leahy, Patrick J.",Democratic,Democratic - Vermont,Vermont,VT,,L000174,VT,1,Leahy,D,1,1,R,"103,637",D,"192,243"
14, Mike,Lee,"Lee, Mike",Republican,Republican - Utah,Utah,UT,,L000577,UT,1,Lee,R,1,1,D,"301,860",R,"760,241"
15, John,McCain,"McCain, John",Republican,Republican - Arizona,Arizona,AZ,,M000303,AZ,1,McCain,R,1,1,D,"1,031,245",R,"1,359,267"
16, Barbara A.,Mikulski,"Mikulski, Barbara A.",Democratic,Democratic - Maryland,Maryland,MD,,M000702,MD,0,Mikulski,D,0,0,R,"972,557",D,"1,659,907"
17, Jerry,Moran,"Moran, Jerry",Republican,Republican - Kansas,Kansas,KS,,M000934,KS,1,Moran,R,1,1,D,"379,740",R,"732,376"
18, Frank H.,Murkowski,"Murkowski, Frank H.",Republican,Republican - Alaska,Alaska,AK,,M001085,AK,1,Murkowski,R,1,1,D,36200,R,138149
19, Lisa,Murkowski,"Murkowski, Lisa",Republican,Republican - Alaska,Alaska,AK,,M001153,AK,1,Murkowski,R,1,1,D,36200,R,138149
20, Patty,Murray,"Murray, Patty",Democratic,Democratic - Washington,Washington,WA,,M001111,WA,1,Murray,D,1,1,R,"1,329,338",D,"1,913,979"
21, Rand,Paul,"Paul, Rand",Republican,Republican - Kentucky,Kentucky,KY,,P000603,KY,1,Paul,R,1,1,D,"813,246",R,"1,090,177"
22, Mike,Pence,"Pence, Mike",Republican,Republican - Indiana,Indiana,IN,,P000587,IN,0,Pence,R,0,0,D,"1,158,947",R,"1,423,991"
23, Rob,Portman,"Portman, Rob",Republican,Republican - Ohio,Ohio,OH,,P000449,OH,1,Portman,R,1,1,D,"1,996,908",R,"3,118,567"
24, Harry,Reid,"Reid, Harry",Democratic,Democratic - Nevada,Nevada,NV,,R000146,NV,0,Reid,D,0,0,R,"495,079",D,"521,994"
25, Marco,Rubio,"Rubio, Marco",Republican,Republican - Florida,Florida,FL,,R000595,FL,1,Rubio,R,1,1,D,"4,122,088",R,"4,835,191"
26, Brian,Schatz,"Schatz, Brian",Democratic,Democratic - Hawaii,Hawaii,HI,,S001194,HI,1,Schatz,D,1,1,R,"92,653",D,"306,604"
27, Charles E.,Schumer,"Schumer, Charles E.",Democratic,Democratic - New York,New York,NY,,S000148,NY,1,Schumer,D,1,1,R,"2,009,353",D,"5,221,949"
28, Tim,Scott,"Scott, Tim",Republican,Republican - South Carolina,South Carolina,SC,,S001184,SC,1,Scott,R,1,1,D,"757,022",R,"1,241,609"
29, Richard C.,Shelby,"Shelby, Richard C.",Democratic,Democratic - Alabama,Alabama,AL,,S000320,AL,1,Shelby,R,1,1,D,"748,709",R,"1,335,104"
30, John,Thune,"Thune, John",Republican,Republican - South Dakota,South Dakota,SD,,T000250,SD,1,Thune,R,1,1,D,"104,140",R,"265,516"
31, Pat,Toomey,"Toomey, Pat",Republican,Republican - Pennsylvania,Pennsylvania,PA,,T000461,PA,1,Toomey,R,1,1,D,"2,865,012",R,"2,951,702"
32, David,Vitter,"Vitter, David",Republican,Republican - Louisiana,Louisiana,LA,,V000127,LA,0,Vitter,R,0,0,D,"337,833",R,"482,591"
33, Ron,Wyden,"Wyden, Ron",Democratic,Democratic - Oregon,Oregon,OR,,W000779,OR,1,Wyden,D,1,1,R,"651,106",D,"1,105,119"
