,id.bioguide,name.official_full,handle,state,district_x,type,party,bio.gender,bioguide,district_y,had_challenger,inc_name,inc_party,inc_ran,inc_won,runnerup_party,runnerup_votes,winner_party,winner_votes,_merge
0,B000944,Sherrod Brown,sensherrodbrown,OH,13.0,rep,Democrat,M,,,,,,,,,,,,left_only
1,C000127,Maria Cantwell,senatorcantwell,WA,1.0,rep,Democrat,F,,,,,,,,,,,,left_only
2,C000141,Benjamin L. Cardin,senatorcardin,MD,3.0,rep,Democrat,M,,,,,,,,,,,,left_only
3,C000174,Thomas R. Carper,senatorcarper,DE,0.0,rep,Democrat,M,,,,,,,,,,,,left_only
4,C001070,"Robert P. Casey, Jr.",senbobcasey,PA,,sen,Democrat,M,,,,,,,,,,,,left_only
5,C001071,Bob Corker,senbobcorker,TN,,sen,Republican,M,,,,,,,,,,,,left_only
6,F000062,Dianne Feinstein,senfeinstein,CA,,sen,Democrat,F,,,,,,,,,,,,left_only
7,H000338,Orrin G. Hatch,senorrinhatch,UT,,sen,Republican,M,,,,,,,,,,,,left_only
8,K000367,Amy Klobuchar,,MN,,sen,Democrat,F,,,,,,,,,,,,left_only
9,M001170,Claire McCaskill,mccaskilloffice,MO,,sen,Democrat,F,,,,,,,,,,,,left_only
10,M000639,Robert Menendez,senatormenendez,NJ,13.0,rep,Democrat,M,,,,,,,,,,,,left_only
11,N000032,Bill Nelson,senbillnelson,FL,9.0,rep,Democrat,M,,,,,,,,,,,,left_only
12,S000033,Bernard Sanders,sensanders,VT,0.0,rep,Independent,M,,,,,,,,,,,,left_only
13,S000770,Debbie Stabenow,senstabenow,MI,8.0,rep,Democrat,F,,,,,,,,,,,,left_only
14,T000464,Jon Tester,senatortester,MT,,sen,Democrat,M,,,,,,,,,,,,left_only
15,W000802,Sheldon Whitehouse,senwhitehouse,RI,,sen,Democrat,M,,,,,,,,,,,,left_only
16,B001261,John Barrasso,senjohnbarrasso,WY,,sen,Republican,M,,,,,,,,,,,,left_only
17,W000437,Roger F. Wicker,senatorwicker,MS,1.0,rep,Republican,M,,,,,,,,,,,,left_only
18,A000360,Lamar Alexander,senalexander,TN,,sen,Republican,M,,,,,,,,,,,,left_only
19,C000567,Thad Cochran,senthadcochran,MS,4.0,rep,Republican,M,,,,,,,,,,,,left_only
20,C001035,Susan M. Collins,senatorcollins,ME,,sen,Republican,F,,,,,,,,,,,,left_only
21,C001056,John Cornyn,johncornyn,TX,,sen,Republican,M,,,,,,,,,,,,left_only
22,D000563,Richard J. Durbin,senatordurbin,IL,20.0,rep,Democrat,M,,,,,,,,,,,,left_only
23,E000285,Michael B. Enzi,senatorenzi,WY,,sen,Republican,M,,,,,,,,,,,,left_only
24,G000359,Lindsey Graham,grahamblog,SC,3.0,rep,Republican,M,,,,,,,,,,,,left_only
25,I000024,James M. Inhofe,inhofepress,OK,1.0,rep,Republican,M,,,,,,,,,,,,left_only
26,M000355,Mitch McConnell,mcconnellpress,KY,,sen,Republican,M,,,,,,,,,,,,left_only
27,M001176,Jeff Merkley,senjeffmerkley,OR,,sen,Democrat,M,,,,,,,,,,,,left_only
28,R000122,Jack Reed,senjackreed,RI,2.0,rep,Democrat,M,,,,,,,,,,,,left_only
29,R000584,James E. Risch,senatorrisch,ID,,sen,Republican,M,,,,,,,,,,,,left_only
30,R000307,Pat Roberts,senpatroberts,KS,1.0,rep,Republican,M,,,,,,,,,,,,left_only
31,S001141,Jeff Sessions,senatorsessions,AL,,sen,Republican,M,,,,,,,,,,,,left_only
32,S001181,Jeanne Shaheen,senatorshaheen,NH,,sen,Democrat,F,,,,,,,,,,,,left_only
33,U000039,Tom Udall,senatortomudall,NM,3.0,rep,Democrat,M,,,,,,,,,,,,left_only
34,W000805,Mark R. Warner,markwarner,VA,,sen,Democrat,M,,,,,,,,,,,,left_only
35,G000555,Kirsten E. Gillibrand,sengillibrand,NY,20.0,rep,Democrat,F,,,,,,,,,,,,left_only
36,F000457,Al Franken,senfranken,MN,,sen,Democrat,M,,,,,,,,,,,,left_only
37,C001088,Christopher A. Coons,sencoonsoffice,DE,,sen,Democrat,M,,,,,,,,,,,,left_only
38,M001183,"Joe Manchin, III",sen_joemanchin,WV,,sen,Democrat,M,,,,,,,,,,,,left_only
39,A000055,Robert B. Aderholt,robert_aderholt,AL,4.0,rep,Republican,M,A000055,AL-04,0,"Aderholt, Rob",R,1.0,1.0,write in,"3,519",R,"235,925",both
40,A000367,Justin Amash,,MI,3.0,rep,Republican,M,A000367,MI-03,1,"Amash, Justin",R,1.0,1.0,D,"128,400",R,"203,545",both
41,A000368,Kelly Ayotte,kellyayotte,NH,,sen,Republican,F,A000368,NH,1,Ayotte,R,1.0,0.0,R,"353,632",D,"354,649",both
42,B001230,Tammy Baldwin,senatorbaldwin,WI,2.0,rep,Democrat,F,,,,,,,,,,,,left_only
43,B001269,Lou Barletta,reploubarletta,PA,11.0,rep,Republican,M,B001269,PA-11,1,"Barletta, Lou",R,1.0,1.0,D,"113,800",R,"199,421",both
44,B000213,Joe Barton,repjoebarton,TX,6.0,rep,Republican,M,B000213,TX-06,1,"Barton, Joe",R,1.0,1.0,D,"106,667",R,"159,444",both
45,B001270,Karen Bass,repkarenbass,CA,33.0,rep,Democrat,F,B001270,CA-37,1,"Bass, Karen",D,1.0,1.0,D,"44,782",D,"192,490",both
46,B000287,Xavier Becerra,repbecerra,CA,30.0,rep,Democrat,M,B000287,CA-34,1,"Becerra, Xavier",D,1.0,1.0,D,"36,314",D,"122,842",both
47,B001271,Dan Benishek,congressmandan,MI,1.0,rep,Republican,M,,,,,,,,,,,,left_only
48,B001267,Michael F. Bennet,senbennetco,CO,,sen,Democrat,M,B001267,CO,1,Bennet,D,1.0,1.0,R,"1,215,318",D,"1,370,710",both
49,B001257,Gus M. Bilirakis,repgusbilirakis,FL,9.0,rep,Republican,M,,,,,,,,,,,,left_only
50,B001250,Rob Bishop,reprobbishop,UT,1.0,rep,Republican,M,B001250,UT-01,1,"Bishop, Rob",R,1.0,1.0,D,"73,380",R,"182,925",both
51,B000490,Sanford D. Bishop Jr.,sanfordbishop,GA,2.0,rep,Democrat,M,B000490,GA-02,1,"Bishop, Sanford",D,1.0,1.0,R,"94,056",D,"148,543",both
52,B001273,Diane Black,repdianeblack,TN,6.0,rep,Republican,F,B001273,TN-06,1,"Black, Diane",R,1.0,1.0,D,"61,995",R,"202,234",both
53,B001243,Marsha Blackburn,marshablackburn,TN,7.0,rep,Republican,F,B001243,TN-07,1,"Blackburn, Marsha",R,1.0,1.0,D,"65,226",R,"200,407",both
54,B000574,Earl Blumenauer,blumenauermedia,OR,3.0,rep,Democrat,M,B000574,OR-03,1,"Blumenauer, Earl",D,1.0,1.0,I,"78,154",D,"274,687",both
55,B001277,Richard Blumenthal,senblumenthal,CT,,sen,Democrat,M,B001277,CT,1,Blumenthal,D,1.0,1.0,R,"552,621",D,"1,008,714",both
56,B000575,Roy Blunt,royblunt,MO,7.0,rep,Republican,M,B000575,MO,1,Blunt,R,1.0,1.0,D,"1,300,200",R,"1,378,458",both
57,B001236,John Boozman,johnboozman,AR,3.0,rep,Republican,M,B001236,AR,1,Boozman,R,1.0,1.0,D,"400,602",R,"661,984",both
58,B001245,Madeleine Z. Bordallo,,GU,0.0,rep,Democrat,F,,,,,,,,,,,,left_only
59,B001255,Charles W. Boustany Jr.,repboustany,LA,7.0,rep,Republican,M,,,,,,,,,,,,left_only
60,B000711,Barbara Boxer,senatorboxer,CA,6.0,rep,Democrat,F,B000711,CA,0,Boxer,D,0.0,0.0,D,"4,701,417",D,"7,542,753",both
61,B000755,Kevin Brady,repkevinbrady,TX,8.0,rep,Republican,M,B000755,TX-08,1,"Brady, Kevin",R,1.0,1.0,NONE,0,R,"236,379",both
62,B001227,Robert A. Brady,repbrady,PA,1.0,rep,Democrat,M,B001227,PA-01,1,"Brady, Bob",D,1.0,1.0,R,"53,219",D,"245,791",both
63,B001274,Mo Brooks,repmobrooks,AL,5.0,rep,Republican,M,B001274,AL-05,1,"Brooks, Mo",R,1.0,1.0,D,"102,234",R,"205,647",both
64,B000911,Corrine Brown,repcorrinebrown,FL,3.0,rep,Democrat,F,,,,,,,,,,,,left_only
65,B001260,Vern Buchanan,vernbuchanan,FL,13.0,rep,Republican,M,B001260,FL-16,1,"Buchanan, Vern",R,1.0,1.0,D,"155,262",R,"230,654",both
66,B001275,Larry Bucshon,replarrybucshon,IN,8.0,rep,Republican,M,B001275,IN-08,1,"Bucshon, Larry",R,1.0,1.0,D,"93,356",R,"187,702",both
67,B001248,Michael C. Burgess,michaelcburgess,TX,26.0,rep,Republican,M,B001248,TX-26,1,"Burgess, Michael",R,1.0,1.0,D,"94,507",R,"211,730",both
68,B001135,Richard Burr,senatorburr,NC,5.0,rep,Republican,M,B001135,NC,1,Burr,R,1.0,1.0,D,"2,128,165",R,"2,395,376",both
69,B001251,G. K. Butterfield,gkbutterfield,NC,1.0,rep,Democrat,M,B001251,NC-01,1,"Butterfield, G.K.",D,1.0,1.0,R,"101,567",D,"240,661",both
70,C000059,Ken Calvert,kencalvert,CA,43.0,rep,Republican,M,C000059,CA-42,1,"Calvert, Ken",R,1.0,1.0,D,"104,689",R,"149,547",both
71,C001047,Shelley Moore Capito,sencapito,WV,2.0,rep,Republican,F,,,,,,,,,,,,left_only
72,C001036,Lois Capps,reploiscapps,CA,22.0,rep,Democrat,F,,,,,,,,,,,,left_only
73,C001037,Michael E. Capuano,repmikecapuano,MA,8.0,rep,Democrat,M,C001037,MA-07,1,"Capuano, Mike",D,1.0,1.0,Write in,"3,557",D,"253,354",both
74,C001083,John C. Carney Jr.,johncarneyde,DE,0.0,rep,Democrat,M,,,,,,,,,,,,left_only
75,C001072,André Carson,repandrecarson,IN,7.0,rep,Democrat,M,C001072,IN-07,1,"Carson, Andre",D,1.0,1.0,R,"94,456",D,"158,739",both
76,C001051,John R. Carter,judgecarter,TX,31.0,rep,Republican,M,C001051,TX-31,1,"Carter, John",R,1.0,1.0,D,"103,852",R,"166,060",both
77,C001075,Bill Cassidy,,LA,6.0,rep,Republican,M,,,,,,,,,,,,left_only
78,C001066,Kathy Castor,usrepkcastor,FL,11.0,rep,Democrat,F,C001066,FL-14,1,"Castor, Kathy",D,1.0,1.0,R,"121,088",D,"195,789",both
79,C000266,Steve Chabot,repstevechabot,OH,1.0,rep,Republican,M,C000266,OH-01,1,"Chabot, Steve",R,1.0,1.0,D,"144,644",R,"210,014",both
80,C001076,Jason Chaffetz,jasoninthehouse,UT,3.0,rep,Republican,M,C001076,UT-03,1,"Chaffetz, Jason",R,1.0,1.0,D,"75,716",R,"209,589",both
81,C001080,Judy Chu,repjudychu,CA,32.0,rep,Democrat,F,C001080,CA-27,1,"Chu, Judy",D,1.0,1.0,R,"81,655",D,"168,977",both
82,C001084,David N. Cicilline,repcicilline,RI,1.0,rep,Democrat,M,C001084,RI-01,1,"Cicilline, David",D,1.0,1.0,R,"71,023",D,"130,534",both
83,C001067,Yvette D. Clarke,yvetteclarke,NY,11.0,rep,Democrat,F,C001067,NY-09,1,"Clarke, Yvette",D,1.0,1.0,C,"17,576",D,"214,189",both
84,C001049,Wm. Lacy Clay,,MO,1.0,rep,Democrat,M,C001049,MO-01,1,"Clay, Lacy",D,1.0,1.0,R,"62,714",D,"236,993",both
85,C001061,Emanuel Cleaver,repcleaver,MO,5.0,rep,Democrat,M,C001061,MO-05,1,"Cleaver, Emanuel",D,1.0,1.0,R,"123,771",D,"190,766",both
86,C000537,James E. Clyburn,clyburn,SC,6.0,rep,Democrat,M,C000537,SC-06,1,"Clyburn, Jim",D,1.0,1.0,R,"70,099",D,"177,947",both
87,C000542,Daniel Coats,sendancoats,IN,4.0,rep,Republican,M,,,,,,,,,,,,left_only
88,C001077,Mike Coffman,repmikecoffman,CO,6.0,rep,Republican,M,C001077,CO-06,1,"Coffman, Mike",R,1.0,1.0,D,"160,372",R,"191,626",both
89,C001068,Steve Cohen,repcohen,TN,9.0,rep,Democrat,M,C001068,TN-09,1,"Cohen, Steve",D,1.0,1.0,R,"41,123",D,"171,631",both
90,C001053,Tom Cole,tomcoleok04,OK,4.0,rep,Republican,M,C001053,OK-04,1,"Cole, Tom",R,1.0,1.0,D,"76,472",R,"204,143",both
91,C001062,K. Michael Conaway,conawaytx11,TX,11.0,rep,Republican,M,C001062,TX-11,1,"Conaway, Michael",R,1.0,1.0,L,"23,677",R,"201,871",both
92,C001078,Gerald E. Connolly,gerryconnolly,VA,11.0,rep,Democrat,M,C001078,VA-11,0,"Connolly, Gerry",D,1.0,1.0,Write in,"34,185",D,"247,818",both
93,C000714,John Conyers Jr.,repjohnconyers,MI,1.0,rep,Democrat,M,C000714,MI-13,1,"Conyers, John",D,1.0,1.0,R,"40,541",D,"198,771",both
94,C000754,Jim Cooper,repjimcooper,TN,4.0,rep,Democrat,M,C000754,TN-05,1,"Cooper, Jim",D,1.0,1.0,R,"102,433",D,"171,111",both
95,C001059,Jim Costa,repjimcosta,CA,20.0,rep,Democrat,M,C001059,CA-16,1,"Costa, Jim",D,1.0,1.0,R,"70,483",D,"97,473",both
96,C001069,Joe Courtney,repjoecourtney,CT,2.0,rep,Democrat,M,C001069,CT-02,1,"Courtney, Joe",D,1.0,1.0,R,"111,149",D,"208,818",both
97,C000880,Mike Crapo,mikecrapo,ID,2.0,rep,Republican,M,C000880,ID,1,Crapo,R,1.0,1.0,D,"188,249",R,"449,017",both
98,C001087,"Eric A. ""Rick"" Crawford",reprickcrawford,AR,1.0,rep,Republican,M,C001087,AR-01,1,"Crawford, Rick",R,1.0,1.0,L,"57,181",R,"183,866",both
99,C001045,Ander Crenshaw,andercrenshaw,FL,4.0,rep,Independent,M,,,,,,,,,,,,left_only
100,C001038,Joseph Crowley,repjoecrowley,NY,7.0,rep,Democrat,M,C001038,NY-14,1,"Crowley, Joe",D,1.0,1.0,R,"30,545",D,"147,587",both
101,C001063,Henry Cuellar,repcuellar,TX,28.0,rep,Democrat,M,C001063,TX-28,1,"Cuellar, Henry",D,1.0,1.0,R,"57,740",D,"122,086",both
102,C001048,John Abney Culberson,congculberson,TX,7.0,rep,Republican,M,C001048,TX-07,1,"Culberson, John",R,1.0,1.0,D,"111,991",R,"143,542",both
103,C000984,Elijah E. Cummings,repcummings,MD,7.0,rep,Democrat,M,C000984,MD-07,1,"Cummings, Elijah",D,1.0,1.0,R,"69,556",D,"238,838",both
104,D000096,Danny K. Davis,repdannydavis,IL,7.0,rep,Democrat,M,D000096,IL-07,1,"Davis, Danny",D,1.0,1.0,R,"46,882",D,"250,584",both
105,D000598,Susan A. Davis,repsusandavis,CA,49.0,rep,Democrat,F,D000598,CA-53,1,"Davis, Susan",D,1.0,1.0,R,"97,968",D,"198,988",both
106,D000191,Peter A. DeFazio,reppeterdefazio,OR,4.0,rep,Democrat,M,D000191,OR-04,1,"DeFazio, Peter",D,1.0,1.0,R,"157,743",D,"220,628",both
107,D000197,Diana DeGette,repdianadegette,CO,1.0,rep,Democrat,F,D000197,CO-01,1,"DeGette, Diana",D,1.0,1.0,R,"105,030",D,"257,254",both
108,D000216,Rosa L. DeLauro,rosadelauro,CT,3.0,rep,Democrat,F,D000216,CT-03,1,"DeLauro, Rosa",D,1.0,1.0,R,"95,786",D,"213,572",both
109,D000612,Jeff Denham,repjeffdenham,CA,19.0,rep,Republican,M,D000612,CA-10,1,"Denham, Jeff",R,1.0,1.0,D,"116,470",R,"124,671",both
110,D000604,Charles W. Dent,,PA,15.0,rep,Republican,M,D000604,PA-15,1,"Dent, Charlie",R,1.0,1.0,D,"124,129",R,"190,618",both
111,D000616,Scott DesJarlais,desjarlaistn04,TN,4.0,rep,Republican,M,D000616,TN-04,1,"DesJarlais, Scott",R,1.0,1.0,D,"89,141",R,"165,796",both
112,D000610,Theodore E. Deutch,repteddeutch,FL,19.0,rep,Democrat,M,D000610,FL-22,1,"Deutch, Ted",D,1.0,1.0,R,"138,737",D,"199,113",both
113,D000600,Mario Diaz-Balart,mariodb,FL,25.0,rep,Republican,M,D000600,FL-25,1,"Diaz-Balart, Mario",R,1.0,1.0,D,"95,319",R,"157,921",both
114,D000399,Lloyd Doggett,replloyddoggett,TX,10.0,rep,Democrat,M,D000399,TX-35,1,"Doggett, Lloyd",D,1.0,1.0,R,"62,384",D,"124,612",both
115,D000607,Joe Donnelly,sendonnelly,IN,2.0,rep,Democrat,M,,,,,,,,,,,,left_only
116,D000482,Michael F. Doyle,usrepmikedoyle,PA,18.0,rep,Democrat,M,D000482,PA-14,1,"Doyle, Michael",D,1.0,1.0,R,"87,999",D,"255,293",both
117,D000614,Sean P. Duffy,repseanduffy,WI,7.0,rep,Republican,M,D000614,WI-07,1,"Duffy, Sean",R,1.0,1.0,D,"138,643",R,"223,418",both
118,D000615,Jeff Duncan,repjeffduncan,SC,3.0,rep,Republican,M,D000615,SC-03,1,"Duncan, Jeff",R,1.0,1.0,D,"72,933",R,"196,325",both
119,D000533,John J. Duncan Jr.,repjohnduncanjr,TN,2.0,rep,Republican,M,D000533,TN-02,1,"Duncan, John",R,1.0,1.0,D,"68,401",R,"212,455",both
120,E000290,Donna F. Edwards,repdonnaedwards,MD,4.0,rep,Democrat,F,,,,,,,,,,,,left_only
121,E000288,Keith Ellison,keithellison,MN,5.0,rep,Democrat,M,E000288,MN-05,1,"Ellison, Keith",D,1.0,1.0,R,"80,660",D,"249,964",both
122,E000291,Renee L. Ellmers,repreneeellmers,NC,2.0,rep,Republican,F,,,,,,,,,,,,left_only
123,E000179,Eliot L. Engel,repeliotengel,NY,19.0,rep,Democrat,M,E000179,NY-16,1,"Engel, Eliot",D,1.0,1.0,PC,"11,825",D,"209,857",both
124,E000215,Anna G. Eshoo,repannaeshoo,CA,14.0,rep,Democrat,F,E000215,CA-18,1,"Eshoo, Anna",D,1.0,1.0,R,"93,470",D,"230,460",both
125,F000460,Blake Farenthold,farenthold,TX,27.0,rep,Republican,M,F000460,TX-27,1,"Farenthold, Blake",R,1.0,1.0,D,"88,329",R,"142,251",both
126,F000030,Sam Farr,repsamfarr,CA,17.0,rep,Democrat,M,,,,,,,,,,,,left_only
127,F000458,Stephen Lee Fincher,repfinchertn08,TN,8.0,rep,Republican,M,,,,,,,,,,,,left_only
128,F000451,Michael G. Fitzpatrick,repfitzpatrick,PA,8.0,rep,Republican,M,,,,,,,,,,,,left_only
129,F000444,Jeff Flake,jeffflake,AZ,1.0,rep,Republican,M,,,,,,,,,,,,left_only
130,F000459,"Charles J. ""Chuck"" Fleischmann",repchuck,TN,3.0,rep,Republican,M,F000459,TN-03,1,"Fleischmann, Chuck",R,1.0,1.0,D,"76,727",R,"176,613",both
131,F000456,John Fleming,repfleming,LA,4.0,rep,Republican,M,,,,,,,,,,,,left_only
132,F000461,Bill Flores,repbillflores,TX,17.0,rep,Republican,M,F000461,TX-17,1,"Flores, Bill",R,1.0,1.0,D,"86,603",R,"149,417",both
133,F000445,J. Randy Forbes,randy_forbes,VA,4.0,rep,Republican,M,,,,,,,,,,,,left_only
134,F000449,Jeff Fortenberry,jefffortenberry,NE,1.0,rep,Republican,M,F000449,NE-01,1,"Fortenberry, Jeff",R,1.0,1.0,D,"83,467",R,"189,771",both
135,F000450,Virginia Foxx,virginiafoxx,NC,5.0,rep,Republican,F,F000450,NC-05,1,"Foxx, Virginia",R,1.0,1.0,D,"147,887",R,"207,625",both
136,F000448,Trent Franks,reptrentfranks,AZ,2.0,rep,Republican,M,F000448,AZ-08,1,"Franks, Trent",R,1.0,1.0,G,"93,954",R,"204,942",both
137,F000372,Rodney P. Frelinghuysen,usreprodney,NJ,11.0,rep,Republican,M,F000372,NJ-11,1,"Frelinghuysen, Rodney",D,1.0,1.0,R,"130,162",D,"194,299",both
138,F000455,Marcia L. Fudge,repmarciafudge,OH,11.0,rep,Democrat,F,F000455,OH-11,1,"Fudge, Marcia",D,1.0,1.0,R,"59,769",D,"242,917",both
139,G000559,John Garamendi,repgaramendi,CA,10.0,rep,Democrat,M,G000559,CA-03,1,"Garamendi, John",D,1.0,1.0,R,"104,453",D,"152,513",both
140,G000562,Cory Gardner,sencorygardner,CO,4.0,rep,Republican,M,,,,,,,,,,,,left_only
141,G000548,Scott Garrett,repgarrett,NJ,5.0,rep,Republican,M,,,,,,,,,,,,left_only
142,G000563,Bob Gibbs,repbobgibbs,OH,18.0,rep,Republican,M,G000563,OH-07,1,"Gibbs, Bob",R,1.0,1.0,D,"89,638",R,"198,221",both
143,G000564,Christopher P. Gibson,repchrisgibson,NY,20.0,rep,Republican,M,,,,,,,,,,,,left_only
144,G000552,Louie Gohmert,replouiegohmert,TX,1.0,rep,Republican,M,G000552,TX-01,1,"Gohmert, Louie",R,1.0,1.0,D,"62,847",R,"192,434",both
145,G000289,Bob Goodlatte,repgoodlatte,VA,6.0,rep,Republican,M,G000289,VA-06,1,"Goodlatte, Bob",R,1.0,1.0,D,"112,170",R,"225,471",both
146,G000565,Paul A. Gosar,repgosar,AZ,1.0,rep,Republican,M,G000565,AZ-04,1,"Gosar, Paul",R,1.0,1.0,D,"81,296",R,"203,487",both
147,G000566,Trey Gowdy,tgowdysc,SC,4.0,rep,Republican,M,G000566,SC-04,1,"Gowdy, Trey",R,1.0,1.0,D,"91,676",R,"198,648",both
148,G000377,Kay Granger,repkaygranger,TX,12.0,rep,Republican,F,G000377,TX-12,1,"Granger, Kay",R,1.0,1.0,D,"76,029",R,"196,482",both
149,G000386,Chuck Grassley,chuckgrassley,IA,3.0,rep,Republican,M,G000386,IA,1,Grassley,R,1.0,1.0,D,"549,460",R,"926,007",both
150,G000546,Sam Graves,repsamgraves,MO,6.0,rep,Republican,M,G000546,MO-06,1,"Graves, Sam",R,1.0,1.0,D,"99,692",R,"238,388",both
151,G000560,Tom Graves,reptomgraves,GA,9.0,rep,Republican,M,G000560,GA-14,1,"Graves, Tom",R,1.0,1.0,NONE,0,R,"216,743",both
152,G000553,Al Green,repalgreen,TX,9.0,rep,Democrat,M,G000553,TX-09,1,"Green, Al",D,1.0,1.0,R,"36,491",D,"152,032",both
153,G000410,Gene Green,repgenegreen,TX,29.0,rep,Democrat,M,G000410,TX-29,1,"Green, Gene",D,1.0,1.0,R,"31,646",D,"95,649",both
154,G000568,H. Morgan Griffith,repmgriffith,VA,9.0,rep,Republican,M,G000568,VA-09,1,"Griffith, Morgan",R,1.0,1.0,D,"87,877",R,"212,838",both
155,G000551,Raúl M. Grijalva,repraulgrijalva,AZ,7.0,rep,Democrat,M,G000551,AZ-03,0,"Grijalva, Raul",D,1.0,1.0,write in,"2,062",D,"148,973",both
156,G000558,Brett Guthrie,repguthrie,KY,2.0,rep,Republican,M,G000558,KY-02,0,"Guthrie, Brett",R,1.0,1.0,NONE,0,R,"251,825",both
157,G000535,Luis V. Gutiérrez,luisgutierrez,IL,4.0,rep,Democrat,M,G000535,IL-04,0,"Gutierrez, Luis",D,1.0,1.0,NONE,0,D,"171,297",both
158,H001051,Richard L. Hanna,reprichardhanna,NY,24.0,rep,Republican,M,,,,,,,,,,,,left_only
159,H001045,Gregg Harper,greggharper,MS,3.0,rep,Republican,M,H001045,MS-03,1,"Harper, Gregg",R,1.0,1.0,D,"96,101",R,"209,490",both
160,H001052,Andy Harris,repandyharrismd,MD,1.0,rep,Republican,M,H001052,MD-01,1,"Harris, Andy",R,1.0,1.0,D,"103,622",R,"242,574",both
161,H001053,Vicky Hartzler,rephartzler,MO,4.0,rep,Republican,F,H001053,MO-04,1,"Hartzler, Vicki",R,1.0,1.0,D,"92,510",R,"225,348",both
162,H000324,Alcee L. Hastings,rephastingsfl,FL,23.0,rep,Democrat,M,H000324,FL-20,1,"Hastings, Alcee",D,1.0,1.0,R,"54,646",D,"222,914",both
163,H001055,Joseph J. Heck,repjoeheck,NV,3.0,rep,Republican,M,,,,,,,,,,,,left_only
164,H001046,Martin Heinrich,martinheinrich,NM,1.0,rep,Democrat,M,,,,,,,,,,,,left_only
165,H001036,Jeb Hensarling,rephensarling,TX,5.0,rep,Republican,M,H001036,TX-05,1,"Hensarling, Jeb",R,1.0,1.0,L,"37,406",R,"155,469",both
166,H001056,Jaime Herrera Beutler,herrerabeutler,WA,3.0,rep,Republican,F,H001056,WA-03,1,"Herrera Beutler, Jaime",R,1.0,1.0,D,"119,820",R,"193,457",both
167,H001038,Brian Higgins,repbrianhiggins,NY,27.0,rep,Democrat,M,H001038,NY-26,1,"Higgins, Brian",D,1.0,1.0,R,"73,377",D,"215,289",both
168,H001047,James A. Himes,jahimes,CT,4.0,rep,Democrat,M,H001047,CT-04,1,"Himes, Jim",D,1.0,1.0,R,"125,724",D,"187,811",both
169,H000636,Rubén Hinojosa,usreprhinojosa,TX,15.0,rep,Democrat,M,,,,,,,,,,,,left_only
170,H001042,Mazie K. Hirono,maziehirono,HI,2.0,rep,Democrat,F,,,,,,,,,,,,left_only
171,H001061,John Hoeven,senjohnhoeven,ND,,sen,Republican,M,H001061,ND,1,Hoeven,R,1.0,1.0,D,"58,116",R,"268,788",both
172,H001034,Michael M. Honda,repmikehonda,CA,15.0,rep,Democrat,M,,,,,,,,,,,,left_only
173,H000874,Steny H. Hoyer,whiphoyer,MD,5.0,rep,Democrat,M,H000874,MD-05,1,"Hoyer, Steny",D,1.0,1.0,R,"105,931",D,"242,989",both
174,H001057,Tim Huelskamp,conghuelskamp,KS,1.0,rep,Republican,M,,,,,,,,,,,,left_only
175,H001058,Bill Huizenga,rephuizenga,MI,2.0,rep,Republican,M,H001058,MI-02,1,"Huizenga, Bill",R,1.0,1.0,D,"110,391",R,"212,508",both
176,H001059,Randy Hultgren,rephultgren,IL,14.0,rep,Republican,M,H001059,IL-14,1,"Hultgren, Randy",R,1.0,1.0,D,"137,589",R,"200,508",both
177,H001048,Duncan Hunter,rep_hunter,CA,52.0,rep,Republican,M,,,,,,,,,,,,left_only
178,H001060,Robert Hurt,reproberthurt,VA,5.0,rep,Republican,M,,,,,,,,,,,,left_only
179,I000055,Johnny Isakson,senatorisakson,GA,6.0,rep,Republican,M,I000055,GA,1,Isakson,R,1.0,1.0,D,"1,599,726",R,"2,135,806",both
180,I000057,Steve Israel,repsteveisrael,NY,2.0,rep,Democrat,M,,,,,,,,,,,,left_only
181,I000056,Darrell E. Issa,darrellissa,CA,48.0,rep,Republican,M,I000056,CA-49,1,"Issa, Darrell",R,1.0,1.0,R,"154,267",R,"155,888",both
182,J000032,Sheila Jackson Lee,jacksonleetx18,TX,18.0,rep,Democrat,F,J000032,TX-18,1,"Jackson-Lee, Sheila",D,1.0,1.0,R,"48,306",D,"150,157",both
183,J000290,Lynn Jenkins,replynnjenkins,KS,2.0,rep,Republican,F,J000290,KS-02,1,"Jenkins, Lynn",R,1.0,1.0,D,"96,840",R,"181,228",both
184,J000292,Bill Johnson,repbilljohnson,OH,6.0,rep,Republican,M,J000292,OH-06,1,"Johnson, Bill",R,1.0,1.0,D,"88,780",R,"213,975",both
185,J000126,Eddie Bernice Johnson,repebj,TX,30.0,rep,Democrat,F,J000126,TX-30,1,"Johnson, E.B.",D,1.0,1.0,R,"41,518",D,"170,502",both
186,J000288,"Henry C. ""Hank"" Johnson Jr.",rephankjohnson,GA,4.0,rep,Democrat,M,J000288,GA-04,1,"Johnson, Hank",D,1.0,1.0,R,"70,593",D,"220,146",both
187,J000293,Ron Johnson,senronjohnson,WI,,sen,Republican,M,,,,,,,,,,,,left_only
188,J000174,Sam Johnson,samspressshop,TX,3.0,rep,Republican,M,J000174,TX-03,1,"Johnson, Sam",R,1.0,1.0,D,"109,420",R,"193,684",both
189,J000255,Walter B. Jones,repwalterjones,NC,3.0,rep,Republican,M,J000255,NC-03,1,"Jones, Walter",R,1.0,1.0,D,"106,170",R,"217,531",both
190,J000289,Jim Jordan,jim_jordan,OH,4.0,rep,Republican,M,J000289,OH-04,1,"Jordan, Jim",R,1.0,1.0,D,"98,981",R,"210,227",both
191,K000009,Marcy Kaptur,repmarcykaptur,OH,9.0,rep,Democrat,F,K000009,OH-09,1,"Kaptur, Marcy",D,1.0,1.0,R,"88,427",D,"193,966",both
192,K000375,William R. Keating,usrepkeating,MA,10.0,rep,Democrat,M,K000375,MA-09,1,"Keating, Bill",D,1.0,1.0,R,"127,803",D,"211,790",both
193,K000376,Mike Kelly,mikekellypa,PA,3.0,rep,Republican,M,K000376,PA-03,0,"Kelly, Mike",R,1.0,1.0,NONE,"244,893",R,"271,098",both
194,K000188,Ron Kind,repronkind,WI,3.0,rep,Democrat,M,K000188,WI-03,0,"Kind, Ron",D,1.0,1.0,Write in,169,D,"257,401",both
195,K000210,Peter T. King,reppeteking,NY,3.0,rep,Republican,M,K000210,NY-02,1,"King, Peter",R,1.0,1.0,D,"110,938",R,"181,506",both
196,K000362,Steve King,stevekingia,IA,5.0,rep,Republican,M,K000362,IA-04,1,"King, Steve",R,1.0,1.0,D,"142,993",R,"226,719",both
197,K000378,Adam Kinzinger,repkinzinger,IL,11.0,rep,Republican,M,K000378,IL-16,0,"Kinzinger, Adam",R,1.0,1.0,write in,131,R,"259,722",both
198,K000360,Mark Kirk,senatorkirk,IL,10.0,rep,Republican,M,K000360,IL,1,Kirk,R,1.0,0.0,R,"2,184,692",D,"3,012,940",both
199,K000363,John Kline,repjohnkline,MN,2.0,rep,Republican,M,,,,,,,,,,,,left_only
200,L000573,Raúl R. Labrador,raul_labrador,ID,1.0,rep,Republican,M,L000573,ID-01,1,"Labrador, Raul",R,1.0,1.0,D,"113,052",R,"242,252",both
201,L000564,Doug Lamborn,repdlamborn,CO,5.0,rep,Republican,M,L000564,CO-05,1,"Lamborn, Doug",R,1.0,1.0,D,"111,676",R,"225,445",both
202,L000567,Leonard Lance,replancenj7,NJ,7.0,rep,Republican,M,L000567,NJ-07,1,"Lance, Leonard",R,1.0,1.0,D,"148,188",R,"185,850",both
203,L000559,James R. Langevin,jimlangevin,RI,2.0,rep,Democrat,M,L000559,RI-02,1,"Langevin, Jim",D,1.0,1.0,R,"70,301",D,"133,108",both
204,L000575,James Lankford,senatorlankford,OK,5.0,rep,Republican,M,L000575,OK,1,Lankford,R,1.0,1.0,D,"355,911",R,"980,892",both
205,L000560,Rick Larsen,repricklarsen,WA,2.0,rep,Democrat,M,L000560,WA-02,1,"Larsen, Rick",D,1.0,1.0,R,"117,094",D,"208,314",both
206,L000557,John B. Larson,repjohnlarson,CT,1.0,rep,Democrat,M,L000557,CT-01,1,"Larson, John",D,1.0,1.0,R,"105,674",D,"200,686",both
207,L000566,Robert E. Latta,boblatta,OH,5.0,rep,Republican,M,L000566,OH-05,1,"Latta, Bob",R,1.0,1.0,D,"100,392",R,"244,599",both
208,L000174,Patrick J. Leahy,senatorleahy,VT,,sen,Democrat,M,L000174,VT,1,Leahy,D,1.0,1.0,R,"103,637",D,"192,243",both
209,L000551,Barbara Lee,repbarbaralee,CA,9.0,rep,Democrat,F,L000551,CA-13,1,"Lee, Barbara",D,1.0,1.0,R,"29,754",D,"293,117",both
210,L000577,Mike Lee,senmikelee,UT,,sen,Republican,M,L000577,UT,1,Lee,R,1.0,1.0,D,"301,860",R,"760,241",both
211,L000263,Sander M. Levin,repsandylevin,MI,17.0,rep,Democrat,M,L000263,MI-09,1,"Levin, Sander",D,1.0,1.0,R,"128,937",D,"199,661",both
212,L000287,John Lewis,repjohnlewis,GA,5.0,rep,Democrat,M,L000287,GA-05,1,"Lewis, John",D,1.0,1.0,R,"46,768",D,"253,781",both
213,L000563,Daniel Lipinski,replipinski,IL,3.0,rep,Democrat,M,L000563,IL-03,0,"Lipinski, Dan",D,1.0,1.0,write in,91,D,"225,320",both
214,L000554,Frank A. LoBiondo,replobiondo,NJ,2.0,rep,Republican,M,L000554,NJ-02,1,"LoBiondo, Frank",R,1.0,1.0,D,"110,838",R,"176,338",both
215,L000565,David Loebsack,daveloebsack,IA,2.0,rep,Democrat,M,L000565,IA-02,1,"Loebsack, David",D,1.0,1.0,R,"170,933",D,"198,571",both
216,L000397,Zoe Lofgren,repzoelofgren,CA,16.0,rep,Democrat,F,L000397,CA-19,1,"Lofgren, Zoe",D,1.0,1.0,R,"64,061",D,"181,802",both
217,L000576,Billy Long,usreplong,MO,7.0,rep,Republican,M,L000576,MO-07,1,"Long, Billy",R,1.0,1.0,D,"92,756",R,"228,692",both
218,L000480,Nita M. Lowey,nitalowey,NY,20.0,rep,Democrat,F,L000480,NY-17,0,"Lowey, Nita",D,1.0,1.0,NONE,0,D,"214,530",both
219,L000491,Frank D. Lucas,repfranklucas,OK,6.0,rep,Republican,M,L000491,OK-03,1,"Lucas, Frank",R,1.0,1.0,D,"63,090",R,"227,525",both
220,L000569,Blaine Luetkemeyer,repblainepress,MO,9.0,rep,Republican,M,L000569,MO-03,1,"Luetkemeyer, Blaine",R,1.0,1.0,D,"102,891",R,"249,865",both
221,L000570,Ben Ray Luján,repbenraylujan,NM,3.0,rep,Democrat,M,L000570,NM-03,1,"Lujan, Ben",D,1.0,1.0,R,"102,730",D,"170,612",both
222,L000571,Cynthia M. Lummis,cynthialummis,WY,0.0,rep,Republican,F,,,,,,,,,,,,left_only
223,L000562,Stephen F. Lynch,repstephenlynch,MA,9.0,rep,Democrat,M,L000562,MA-08,1,"Lynch, Stephen",D,1.0,1.0,R,"102,744",D,"271,019",both
224,M000087,Carolyn B. Maloney,repmaloney,NY,14.0,rep,Democrat,F,M000087,NY-12,1,"Maloney, Carolyn",D,1.0,1.0,R,"49,398",D,"244,358",both
225,M001158,Kenny Marchant,repkenmarchant,TX,24.0,rep,Republican,M,M001158,TX-24,1,"Marchant, Kenny",R,1.0,1.0,D,"108,389",R,"154,845",both
226,M001179,Tom Marino,reptommarino,PA,10.0,rep,Republican,M,M001179,PA-10,1,"Marino, Tom",R,1.0,1.0,D,"89,823",R,"211,282",both
227,M000133,Edward J. Markey,senmarkey,MA,7.0,rep,Democrat,M,,,,,,,,,,,,left_only
228,M001163,Doris O. Matsui,dorismatsui,CA,5.0,rep,Democrat,F,M001163,CA-06,1,"Matsui, Doris",D,1.0,1.0,R,"57,848",D,"177,565",both
229,M000303,John McCain,senjohnmccain,AZ,1.0,rep,Republican,M,M000303,AZ,1,McCain,R,1.0,1.0,D,"1,031,245",R,"1,359,267",both
230,M001165,Kevin McCarthy,gopleader,CA,22.0,rep,Republican,M,M001165,CA-23,1,"McCarthy, Kevin",R,1.0,1.0,D,"74,468",R,"167,116",both
231,M001157,Michael T. McCaul,repmccaul,TX,10.0,rep,Republican,M,M001157,TX-10,1,"McCaul, Michael",R,1.0,1.0,D,"120,170",R,"179,221",both
232,M001177,Tom McClintock,repmcclintock,CA,4.0,rep,Republican,M,M001177,CA-04,1,"McClintock, Tom",R,1.0,1.0,D,"130,845",R,"220,133",both
233,M001143,Betty McCollum,bettymccollum04,MN,4.0,rep,Democrat,F,M001143,MN-04,1,"McCollum, Betty",D,1.0,1.0,R,"121,032",D,"203,299",both
234,M000404,Jim McDermott,repjimmcdermott,WA,7.0,rep,Democrat,M,,,,,,,,,,,,left_only
235,M000312,James P. McGovern,repmcgovern,MA,3.0,rep,Democrat,M,M000312,MA-02,1,"McGovern, Jim",D,1.0,1.0,write in,"4,924",D,"275,487",both
236,M001156,Patrick T. McHenry,patrickmchenry,NC,10.0,rep,Republican,M,M001156,NC-10,1,"McHenry, Patrick",R,1.0,1.0,D,"128,919",R,"220,825",both
237,M001180,David B. McKinley,repmckinley,WV,1.0,rep,Republican,M,M001180,WV-01,1,"McKinley, David",R,1.0,1.0,D,"73,534",R,"163,469",both
238,M001159,Cathy McMorris Rodgers,cathymcmorris,WA,5.0,rep,Republican,F,M001159,WA-05,1,"McMorris Rodgers, Cathy",R,1.0,1.0,D,"130,575",R,"192,959",both
239,M001166,Jerry McNerney,repmcnerney,CA,11.0,rep,Democrat,M,M001166,CA-09,1,"McNerney, Jerry",D,1.0,1.0,R,"98,992",D,"133,163",both
240,M001181,Patrick Meehan,repmeehan,PA,7.0,rep,Republican,M,M001181,PA-07,1,"Meehan, Pat",R,1.0,1.0,D,"153,824",R,"225,678",both
241,M001137,Gregory W. Meeks,gregorymeeks,NY,6.0,rep,Democrat,M,M001137,NY-05,1,"Meeks, Gregory",D,1.0,1.0,R,"30,312",D,"199,815",both
242,M000689,John L. Mica,,FL,7.0,rep,Republican,M,,,,,,,,,,,,left_only
243,M000702,Barbara A. Mikulski,senatorbarb,MD,3.0,rep,Democrat,F,M000702,MD,0,Mikulski,D,0.0,0.0,R,"972,557",D,"1,659,907",both
244,M001150,Candice S. Miller,candicemiller,MI,10.0,rep,Republican,F,,,,,,,,,,,,left_only
245,M001144,Jeff Miller,,FL,1.0,rep,Republican,M,,,,,,,,,,,,left_only
246,M001160,Gwen Moore,repgwenmoore,WI,4.0,rep,Democrat,F,M001160,WI-04,1,"Moore, Gwen",D,1.0,1.0,I,"33,494",D,"220,181",both
247,M000934,Jerry Moran,jerrymoran,KS,1.0,rep,Republican,M,M000934,KS,1,Moran,R,1.0,1.0,D,"379,740",R,"732,376",both
248,M001182,Mick Mulvaney,repmickmulvaney,SC,5.0,rep,Republican,M,M001182,SC-05,1,"Mulvaney, Mick",R,1.0,1.0,D,"105,772",R,"161,669",both
249,M001153,Lisa Murkowski,lisamurkowski,AK,,sen,Republican,F,M001153,AK,1,Murkowski,R,1.0,1.0,D,36200,R,138149,both
250,M001169,Christopher Murphy,chrismurphyct,CT,5.0,rep,Democrat,M,,,,,,,,,,,,left_only
251,M001151,Tim Murphy,reptimmurphy,PA,18.0,rep,Republican,M,M001151,PA-18,1,"Murphy, Tim",R,1.0,1.0,NONE,0,R,"293,684",both
252,M001111,Patty Murray,pattymurray,WA,,sen,Democrat,F,M001111,WA,1,Murray,D,1.0,1.0,R,"1,329,338",D,"1,913,979",both
253,N000002,Jerrold Nadler,repjerrynadler,NY,17.0,rep,Democrat,M,N000002,NY-10,1,"Nadler, Jerrold",D,1.0,1.0,R,"53,857",D,"192,371",both
254,N000179,Grace F. Napolitano,gracenapolitano,CA,34.0,rep,Democrat,F,N000179,CA-32,1,"Napolitano, Grace",D,1.0,1.0,D,"71,720",D,"114,926",both
255,N000015,Richard E. Neal,reprichardneal,MA,2.0,rep,Democrat,M,N000015,MA-01,1,"Neal, Richard",D,1.0,1.0,I,"57,504",D,"235,803",both
256,N000182,Randy Neugebauer,randyneugebauer,TX,19.0,rep,Republican,M,,,,,,,,,,,,left_only
257,N000184,Kristi L. Noem,repkristinoem,SD,0.0,rep,Republican,F,N000184,SD-AL,1,"Noem, Kristi",R,1.0,1.0,D,"132,810",R,"237,163",both
258,N000147,Eleanor Holmes Norton,eleanornorton,DC,0.0,rep,Democrat,F,,,,,,,,,,,,left_only
259,N000185,Richard B. Nugent,reprichnugent,FL,5.0,rep,Republican,M,,,,,,,,,,,,left_only
260,N000181,Devin Nunes,rep_devinnunes,CA,21.0,rep,Republican,M,N000181,CA-22,1,"Nunes, Devin",R,1.0,1.0,D,"76,211",R,"158,755",both
261,O000168,Pete Olson,reppeteolson,TX,22.0,rep,Republican,M,O000168,TX-22,1,"Olson, Pete",R,1.0,1.0,D,"123,679",R,"181,864",both
262,P000601,Steven M. Palazzo,congpalazzo,MS,4.0,rep,Republican,M,P000601,MS-04,1,"Palazzo, Steven",R,1.0,1.0,D,"77,505",R,"181,323",both
263,P000034,Frank Pallone Jr.,frankpallone,NJ,6.0,rep,Democrat,M,P000034,NJ-06,1,"Pallone, Frank",D,1.0,1.0,R,"91,908",D,"167,895",both
264,P000096,Bill Pascrell Jr.,billpascrell,NJ,8.0,rep,Democrat,M,P000096,NJ-09,1,"Pascrell, Bill",D,1.0,1.0,R,"65,376",D,"162,642",both
265,P000603,Rand Paul,,KY,,sen,Republican,M,P000603,KY,1,Paul,R,1.0,1.0,D,"813,246",R,"1,090,177",both
266,P000594,Erik Paulsen,reperikpaulsen,MN,3.0,rep,Republican,M,P000594,MN-03,1,"Paulsen, Erik",R,1.0,1.0,D,"169,243",R,"223,077",both
267,P000588,Stevan Pearce,repstevepearce,NM,2.0,rep,Republican,M,P000588,NM-02,1,"Pearce, Steve",R,1.0,1.0,D,"85,232",R,"143,514",both
268,P000197,Nancy Pelosi,nancypelosi,CA,5.0,rep,Democrat,F,P000197,CA-12,1,"Pelosi, Nancy",D,1.0,1.0,I,"64,810",D,"274,035",both
269,P000593,Ed Perlmutter,repperlmutter,CO,7.0,rep,Democrat,M,P000593,CO-07,1,"Perlmutter, Ed",D,1.0,1.0,R,"144,066",D,"199,758",both
270,P000595,Gary C. Peters,sengarypeters,MI,9.0,rep,Democrat,M,,,,,,,,,,,,left_only
271,P000596,Pedro R. Pierluisi,pedropierluisi,PR,0.0,rep,Democrat,M,,,,,,,,,,,,left_only
272,P000597,Chellie Pingree,chelliepingree,ME,1.0,rep,Democrat,F,P000597,ME-01,1,"Pingree, Chellie",D,1.0,1.0,R,"164,569",D,"227,546",both
273,P000373,Joseph R. Pitts,repjoepitts,PA,16.0,rep,Republican,M,,,,,,,,,,,,left_only
274,P000592,Ted Poe,judgetedpoe,TX,2.0,rep,Republican,M,P000592,TX-02,1,"Poe, Ted",R,1.0,1.0,D,"100,231",R,"168,692",both
275,P000598,Jared Polis,jaredpolis,CO,2.0,rep,Democrat,M,P000598,CO-02,1,"Polis, Jared",D,1.0,1.0,R,"170,001",D,"260,175",both
276,P000602,Mike Pompeo,repmikepompeo,KS,4.0,rep,Republican,M,P000602,KS-04,1,"Pompeo, Mike",R,1.0,1.0,D,"81,495",R,"166,998",both
277,P000449,Rob Portman,senrobportman,OH,2.0,rep,Republican,M,P000449,OH,1,Portman,R,1.0,1.0,D,"1,996,908",R,"3,118,567",both
278,P000599,Bill Posey,congbillposey,FL,15.0,rep,Republican,M,P000599,FL-08,1,"Posey, Bill",R,1.0,1.0,D,"127,127",R,"246,483",both
279,P000523,David E. Price,repdavideprice,NC,4.0,rep,Democrat,M,P000523,NC-04,1,"Price, David",D,1.0,1.0,R,"130,161",D,"279,380",both
280,P000591,Tom Price,reptomprice,GA,6.0,rep,Republican,M,P000591,GA-06,1,"Price, Tom",R,1.0,1.0,D,"124,917",R,"201,088",both
281,Q000023,Mike Quigley,repmikequigley,IL,5.0,rep,Democrat,M,Q000023,IL-05,1,"Quigley, Mike",D,1.0,1.0,R,"86,222",D,"212,842",both
282,R000053,Charles B. Rangel,cbrangel,NY,18.0,rep,Democrat,M,,,,,,,,,,,,left_only
283,R000585,Tom Reed,reptomreed,NY,29.0,rep,Republican,M,R000585,NY-23,1,"Reed, Tom",R,1.0,1.0,D,"118,584",R,"161,050",both
284,R000578,David G. Reichert,davereichert,WA,8.0,rep,Republican,M,R000578,WA-08,1,"Reichert, David",R,1.0,1.0,D,"127,720",R,"193,145",both
285,R000146,Harry Reid,senatorreid,NV,1.0,rep,Democrat,M,R000146,NV,0,Reid,D,0.0,0.0,R,"495,079",D,"521,994",both
286,R000586,James B. Renacci,repjimrenacci,OH,16.0,rep,Republican,M,R000586,OH-16,1,"Renacci, Jim",R,1.0,1.0,D,"119,830",R,"225,794",both
287,R000587,Reid J. Ribble,repribble,WI,8.0,rep,Republican,M,,,,,,,,,,,,left_only
288,R000588,Cedric L. Richmond,reprichmond,LA,2.0,rep,Democrat,M,R000588,LA-02,1,"Richmond, Cedric",D,1.0,1.0,D,"57,125",D,"198,289",both
289,R000589,E. Scott Rigell,repscottrigell,VA,2.0,rep,Republican,M,,,,,,,,,,,,left_only
290,R000591,Martha Roby,repmartharoby,AL,2.0,rep,Republican,F,R000591,AL-02,1,"Roby, Martha",R,1.0,1.0,D,"112,089",R,"134,886",both
291,R000582,David P. Roe,drphilroe,TN,1.0,rep,Republican,M,R000582,TN-01,1,"Roe, Phil",R,1.0,1.0,D,"39,024",R,"198,293",both
292,R000395,Harold Rogers,rephalrogers,KY,5.0,rep,Republican,M,R000395,KY-05,0,"Rogers, Hal",R,1.0,1.0,NONE,0,R,"221,242",both
293,R000575,Mike Rogers,repmikerogersal,AL,3.0,rep,Republican,M,R000575,AL-03,1,"Rogers, Mike",R,1.0,1.0,D,"94,549",R,"192,164",both
294,R000409,Dana Rohrabacher,,CA,42.0,rep,Republican,M,R000409,CA-48,1,"Rohrabacher, Dana",R,1.0,1.0,D,"127,715",R,"178,701",both
295,R000592,Todd Rokita,toddrokita,IN,4.0,rep,Republican,M,R000592,IN-04,1,"Rokita, Todd",R,1.0,1.0,D,"91,256",R,"193,412",both
296,R000583,Thomas J. Rooney,tomrooney,FL,16.0,rep,Republican,M,R000583,FL-17,1,"Rooney, Tom",R,1.0,1.0,D,"115,974",R,"209,348",both
297,R000435,Ileana Ros-Lehtinen,roslehtinen,FL,18.0,rep,Republican,F,R000435,FL-27,1,"Ros-Lehtinen, Ileana",R,1.0,1.0,D,"129,760",R,"157,917",both
298,R000580,Peter J. Roskam,peterroskam,IL,6.0,rep,Republican,M,R000580,IL-06,1,"Roskam, Peter",R,1.0,1.0,D,"143,591",R,"208,555",both
299,R000593,Dennis A. Ross,repdennisross,FL,12.0,rep,Republican,M,R000593,FL-15,1,"Ross, Dennis",R,1.0,1.0,D,"135,475",R,"182,999",both
300,R000486,Lucille Roybal-Allard,reproybalallard,CA,33.0,rep,Democrat,F,R000486,CA-40,1,"Roybal-Allard, Lucille",D,1.0,1.0,I,"24,743",D,"106,554",both
301,R000487,Edward R. Royce,repedroyce,CA,39.0,rep,Republican,M,R000487,CA-39,1,"Royce, Ed",R,1.0,1.0,D,"112,679",R,"150,777",both
302,R000595,Marco Rubio,senrubiopress,FL,,sen,Republican,M,R000595,FL,1,Rubio,R,1.0,1.0,D,"4,122,088",R,"4,835,191",both
303,R000576,C. A. Dutch Ruppersberger,call_me_dutch,MD,2.0,rep,Democrat,M,R000576,MD-02,1,"Ruppersberger, Dutch",D,1.0,1.0,R,"102,577",D,"192,183",both
304,R000515,Bobby L. Rush,repbobbyrush,IL,1.0,rep,Democrat,M,R000515,IL-01,1,"Rush, Bobby",D,1.0,1.0,R,"81,817",D,"234,037",both
305,R000570,Paul D. Ryan,speakerryan,WI,1.0,rep,Republican,M,R000570,WI-01,1,"Ryan, Paul",R,1.0,1.0,D,"107,003",R,"230,072",both
306,R000577,Tim Ryan,reptimryan,OH,17.0,rep,Democrat,M,R000577,OH-13,1,"Ryan, Tim",D,1.0,1.0,R,"99,377",D,"208,610",both
307,S001177,Gregorio Kilili Camacho Sablan,,MP,0.0,rep,Democrat,M,,,,,,,,,,,,left_only
308,S000030,Loretta Sanchez,lorettasanchez,CA,46.0,rep,Democrat,F,S000030,CA-38,1,"Sanchez, Linda",D,1.0,1.0,R,"68,524",D,"163,590",both
309,S001168,John P. Sarbanes,repsarbanes,MD,3.0,rep,Democrat,M,S001168,MD-03,1,"Sarbanes, John",D,1.0,1.0,R,"115,048",D,"214,640",both
310,S001176,Steve Scalise,stevescalise,LA,1.0,rep,Republican,M,S001176,LA-01,1,"Scalise, Steve",R,1.0,1.0,D,"41,840",R,"243,645",both
311,S001145,Janice D. Schakowsky,janschakowsky,IL,9.0,rep,Democrat,F,S001145,IL-09,1,"Schakowsky, Jan",D,1.0,1.0,R,"109,550",D,"217,306",both
312,S001150,Adam B. Schiff,repadamschiff,CA,27.0,rep,Democrat,M,S001150,CA-28,1,"Schiff, Adam",D,1.0,1.0,R,"59,526",D,"210,883",both
313,S001180,Kurt Schrader,repschrader,OR,5.0,rep,Democrat,M,S001180,OR-05,1,"Schrader, Kurt",D,1.0,1.0,R,"160,443",D,"199,505",both
314,S000148,Charles E. Schumer,senschumer,NY,16.0,rep,Democrat,M,S000148,NY,1,Schumer,D,1.0,1.0,R,"2,009,353",D,"5,221,949",both
315,S001183,David Schweikert,repdavid,AZ,5.0,rep,Republican,M,S001183,AZ-06,1,"Schweikert, David",R,1.0,1.0,D,"122,866",R,"201,578",both
316,S001189,Austin Scott,austinscottga08,GA,8.0,rep,Republican,M,S001189,GA-08,1,"Scott, Austin",R,1.0,1.0,D,"83,225",R,"173,983",both
317,S001157,David Scott,repdavidscott,GA,13.0,rep,Democrat,M,S001157,GA-13,1,"Scott, David",D,1.0,1.0,NONE,0,D,"252,833",both
318,S000185,"Robert C. ""Bobby"" Scott",repbobbyscott,VA,3.0,rep,Democrat,M,S000185,VA-03,1,"Scott, Bobby",D,1.0,1.0,R,"103,289",D,"208,337",both
319,S001184,Tim Scott,senatortimscott,SC,1.0,rep,Republican,M,S001184,SC,1,Scott,R,1.0,1.0,D,"757,022",R,"1,241,609",both
320,S000244,F. James Sensenbrenner Jr.,jimpressoffice,WI,9.0,rep,Republican,M,S000244,WI-05,1,"Sensenbrenner, Jim",R,1.0,1.0,D,"114,477",R,"260,706",both
321,S000248,José E. Serrano,repjoseserrano,NY,18.0,rep,Democrat,M,S000248,NY-15,1,"Serrano, Jose",D,1.0,1.0,R,"6,129",D,"165,688",both
322,S000250,Pete Sessions,petesessions,TX,5.0,rep,Republican,M,S000250,TX-32,1,"Sessions, Pete",R,1.0,1.0,L,"43,490",R,"162,868",both
323,S001185,Terri A. Sewell,repterrisewell,AL,7.0,rep,Democrat,F,S001185,AL-07,0,"Sewell, Terri",D,1.0,1.0,write in,"3,698",D,"229,330",both
324,S000320,Richard C. Shelby,senshelby,AL,7.0,rep,Democrat,M,S000320,AL,1,Shelby,R,1.0,1.0,D,"748,709",R,"1,335,104",both
325,S000344,Brad Sherman,bradsherman,CA,24.0,rep,Democrat,M,S000344,CA-30,1,"Sherman, Brad",D,1.0,1.0,R,"77,325",D,"205,279",both
326,S000364,John Shimkus,repshimkus,IL,20.0,rep,Republican,M,S000364,IL-15,0,"Shimkus, John",R,1.0,1.0,NONE,0,R,"274,554",both
327,S001154,Bill Shuster,repbillshuster,PA,9.0,rep,Republican,M,S001154,PA-09,1,"Schuster, Bill",R,1.0,1.0,D,"107,985",R,"186,580",both
328,S001148,Michael K. Simpson,congmikesimpson,ID,2.0,rep,Republican,M,S001148,ID-02,1,"Simpson, Mike",R,1.0,1.0,D,"95,940",R,"205,292",both
329,S001165,Albio Sires,repsires,NJ,13.0,rep,Democrat,M,S001165,NJ-08,1,"Sires, Albio",D,1.0,1.0,R,"32,337",D,"134,733",both
330,S000480,Louise McIntosh Slaughter,louiseslaughter,NY,30.0,rep,Democrat,F,S000480,NY-25,1,"Slaughter, Louise",D,1.0,1.0,R,"142,650",D,"182,950",both
331,S000510,Adam Smith,repadamsmith,WA,9.0,rep,Democrat,M,S000510,WA-09,1,"Smith, Adam",D,1.0,1.0,R,"76,317",D,"205,165",both
332,S001172,Adrian Smith,repadriansmith,NE,3.0,rep,Republican,M,S001172,NE-03,1,"Smith, Adrian",R,1.0,1.0,NONE,0,R,"226,720",both
333,S000522,Christopher H. Smith,repchrissmith,NJ,4.0,rep,Republican,M,S000522,NJ-04,1,"Smith, Chris",R,1.0,1.0,D,"111,532",R,"211,992",both
334,S000583,Lamar Smith,lamarsmithtx21,TX,21.0,rep,Republican,M,S000583,TX-21,1,"Smith, Lamar",R,1.0,1.0,D,"129,765",R,"202,967",both
335,S001175,Jackie Speier,repspeier,CA,12.0,rep,Democrat,F,S001175,CA-14,1,"Speier, Jackie",D,1.0,1.0,R,"54,817",D,"231,630",both
336,S001187,Steve Stivers,repstevestivers,OH,15.0,rep,Republican,M,S001187,OH-15,1,"Stivers, Steve",R,1.0,1.0,D,"113,960",R,"222,847",both
337,S001188,Marlin A. Stutzman,repstutzman,IN,3.0,rep,Republican,M,,,,,,,,,,,,left_only
338,S001156,Linda T. Sánchez,replindasanchez,CA,39.0,rep,Democrat,F,,,,,,,,,,,,left_only
339,T000193,Bennie G. Thompson,benniegthompson,MS,2.0,rep,Democrat,M,T000193,MS-02,1,"Thompson, Bennie",D,1.0,1.0,R,"83,542",D,"192,343",both
340,T000460,Mike Thompson,repthompson,CA,1.0,rep,Democrat,M,T000460,CA-05,1,"Thompson, Mike",D,1.0,1.0,R,"67,565",D,"224,526",both
341,T000467,Glenn Thompson,congressmangt,PA,5.0,rep,Republican,M,T000467,PA-05,1,"Thompson, Glenn",R,1.0,1.0,D,"101,082",R,"206,761",both
342,T000238,Mac Thornberry,mactxpress,TX,13.0,rep,Republican,M,T000238,TX-13,1,"Thornberry, Mac",R,1.0,1.0,L,"14,725",R,"199,050",both
343,T000250,John Thune,senjohnthune,SD,0.0,rep,Republican,M,T000250,SD,1,Thune,R,1.0,1.0,D,"104,140",R,"265,516",both
344,T000462,Patrick J. Tiberi,tiberipress,OH,12.0,rep,Republican,M,T000462,OH-12,1,"Tiberi, Patrick",R,1.0,1.0,D,"112,638",R,"251,266",both
345,T000470,Scott R. Tipton,reptipton,CO,3.0,rep,Republican,M,T000470,CO-03,1,"Tipton, Scott",R,1.0,1.0,D,"150,914",R,"204,220",both
346,T000469,Paul Tonko,reppaultonko,NY,21.0,rep,Democrat,M,T000469,NY-20,1,"Tonko, Paul",D,1.0,1.0,R,"100,738",D,"213,021",both
347,T000461,Patrick J. Toomey,sentoomey,PA,15.0,rep,Republican,M,T000461,PA,1,Toomey,R,1.0,1.0,D,"2,865,012",R,"2,951,702",both
348,T000465,Niki Tsongas,nikiinthehouse,MA,5.0,rep,Democrat,F,T000465,MA-03,1,"Tsongas, Niki",D,1.0,1.0,R,"107,519",D,"236,713",both
349,T000463,Michael R. Turner,repmiketurner,OH,3.0,rep,Republican,M,T000463,OH-10,1,"Turner, Michael",R,1.0,1.0,D,"109,981",R,"215,724",both
350,U000031,Fred Upton,repfredupton,MI,4.0,rep,Republican,M,U000031,MI-06,1,"Upton, Fred",R,1.0,1.0,D,"119,980",R,"193,259",both
351,V000128,Chris Van Hollen,chrisvanhollen,MD,8.0,rep,Democrat,M,,,,,,,,,,,,left_only
352,V000081,Nydia M. Velázquez,nydiavelazquez,NY,12.0,rep,Democrat,F,V000081,NY-07,1,"Velazquez, Nydia",D,1.0,1.0,R,"17,478",D,"172,146",both
353,V000108,Peter J. Visclosky,repvisclosky,IN,1.0,rep,Democrat,M,V000108,IN-01,1,"Visclosky, Pete",D,1.0,1.0,L,"47,051",D,"207,515",both
354,V000127,David Vitter,,LA,1.0,rep,Republican,M,V000127,LA,0,Vitter,R,0.0,0.0,D,"337,833",R,"482,591",both
355,W000798,Tim Walberg,repwalberg,MI,7.0,rep,Republican,M,W000798,MI-07,1,"Walberg, Tim",R,1.0,1.0,D,"134,010",R,"184,321",both
356,W000791,Greg Walden,repgregwalden,OR,2.0,rep,Republican,M,W000791,OR-02,1,"Walden, Greg",R,1.0,1.0,D,"106,640",R,"272,952",both
357,W000799,Timothy J. Walz,reptimwalz,MN,1.0,rep,Democrat,M,W000799,MN-01,1,"Walz, Tim",D,1.0,1.0,R,"166,526",D,"169,074",both
358,W000797,Debbie Wasserman Schultz,repdwstweets,FL,20.0,rep,Democrat,F,W000797,FL-23,1,"Wasserman Schultz, Debbie",D,1.0,1.0,R,"130,818",D,"183,225",both
359,W000187,Maxine Waters,maxinewaters,CA,29.0,rep,Democrat,F,W000187,CA-43,1,"Waters, Maxine",D,1.0,1.0,R,"52,499",D,"167,017",both
360,W000806,Daniel Webster,repwebster,FL,8.0,rep,Republican,M,W000806,FL-11,1,"Webster, Dan",R,1.0,1.0,D,"124,713",R,"258,016",both
361,W000800,Peter Welch,peterwelch,VT,0.0,rep,Democrat,M,W000800,VT-AL,1,"Welch, Peter",D,1.0,1.0,LU,"29,410",D,"264,414",both
362,W000796,Lynn A. Westmoreland,repwestmoreland,GA,8.0,rep,Republican,M,,,,,,,,,,,,left_only
363,W000795,Joe Wilson,repjoewilson,SC,2.0,rep,Republican,M,W000795,SC-02,1,"Wilson, Joe",R,1.0,1.0,D,"109,452",R,"183,746",both
364,W000808,Frederica S. Wilson,repwilson,FL,17.0,rep,Democrat,F,W000808,FL-24,0,"Wilson, Frederica",D,1.0,1.0,,,D,,both
365,W000804,Robert J. Wittman,robwittman,VA,1.0,rep,Republican,M,W000804,VA-01,1,"Wittman, Rob",R,1.0,1.0,D,"140,785",R,"230,213",both
366,W000809,Steve Womack,rep_stevewomack,AR,3.0,rep,Republican,M,W000809,AR-03,1,"Womack, Steve",R,1.0,1.0,L,"63,715",R,"217,192",both
367,W000810,Rob Woodall,reprobwoodall,GA,7.0,rep,Republican,M,W000810,GA-07,1,"Woodall, Rob",R,1.0,1.0,D,"114,220",R,"174,081",both
368,W000779,Ron Wyden,ronwyden,OR,3.0,rep,Democrat,M,W000779,OR,1,Wyden,D,1.0,1.0,R,"651,106",D,"1,105,119",both
369,Y000062,John A. Yarmuth,repjohnyarmuth,KY,3.0,rep,Democrat,M,Y000062,KY-03,1,"Yarmuth, John",D,1.0,1.0,R,"122,093",D,"212,401",both
370,Y000063,Kevin Yoder,repkevinyoder,KS,3.0,rep,Republican,M,Y000063,KS-03,1,"Yoder, Kevin",R,1.0,1.0,D,"139,300",R,"176,022",both
371,Y000033,Don Young,repdonyoung,AK,0.0,rep,Republican,M,Y000033,AK-AL,1,"Young, Don",R,1.0,1.0,D,"111,019",R,"155,088",both
372,Y000064,Todd C. Young,reptoddyoung,IN,9.0,rep,Republican,M,,,,,,,,,,,,left_only
373,H001041,Dean Heller,sendeanheller,NV,2.0,rep,Republican,M,,,,,,,,,,,,left_only
374,H001063,Janice Hahn,rep_janicehahn,CA,36.0,rep,Democrat,F,,,,,,,,,,,,left_only
375,A000369,Mark E. Amodei,markamodeinv2,NV,2.0,rep,Republican,M,A000369,NV-02,1,"Amodei, Mark",R,1.0,1.0,D,"115,722",R,"182,676",both
376,B001278,Suzanne Bonamici,repbonamici,OR,1.0,rep,Democrat,F,B001278,OR-01,1,"Bonamici, Suzanne",D,1.0,1.0,R,"139,756",D,"225,391",both
377,D000617,Suzan K. DelBene,repdelbene,WA,1.0,rep,Democrat,F,D000617,WA-01,1,"DelBene, Suzan",D,1.0,1.0,R,"155,779",D,"193,619",both
378,M001184,Thomas Massie,repthomasmassie,KY,4.0,rep,Republican,M,M001184,KY-04,1,"Massie, Thomas",R,1.0,1.0,D,"94,065",R,"233,922",both
379,P000604,Donald M. Payne Jr.,repdonaldpayne,NJ,10.0,rep,Democrat,M,P000604,NJ-10,1,"Payne, Donald",D,1.0,1.0,R,"26,450",D,"190,856",both
380,S001194,Brian Schatz,senbrianschatz,HI,,sen,Democrat,M,S001194,HI,1,Schatz,D,1.0,1.0,R,"92,653",D,"306,604",both
381,S000018,Matt Salmon,repmattsalmon,AZ,1.0,rep,Republican,M,,,,,,,,,,,,left_only
382,F000454,Bill Foster,repbillfoster,IL,14.0,rep,Democrat,M,F000454,IL-11,1,"Foster, Bill",D,1.0,1.0,R,"108,995",D,"166,578",both
383,G000556,Alan Grayson,,FL,8.0,rep,Democrat,M,,,,,,,,,,,,left_only
384,K000368,Ann Kirkpatrick,repkirkpatrick,AZ,1.0,rep,Democrat,F,,,,,,,,,,,,left_only
385,T000468,Dina Titus,repdinatitus,NV,3.0,rep,Democrat,F,T000468,NV-01,1,"Titus, Dina",D,1.0,1.0,R,"54,174",D,"116,537",both
386,C001095,Tom Cotton,sentomcotton,AR,4.0,rep,Republican,M,,,,,,,,,,,,left_only
387,S001191,Kyrsten Sinema,repsinema,AZ,9.0,rep,Democrat,F,S001191,AZ-09,1,"Sinema, Kyrsten",D,1.0,1.0,R,"108,350",D,"169,055",both
388,L000578,Doug LaMalfa,replamalfa,CA,1.0,rep,Republican,M,L000578,CA-01,1,"LaMalfa, Doug",R,1.0,1.0,D,"128,588",R,"185,448",both
389,H001068,Jared Huffman,rephuffman,CA,2.0,rep,Democrat,M,H001068,CA-02,1,"Huffman, Jared",D,1.0,1.0,R,"76,572",D,"254,194",both
390,B001287,Ami Bera,repbera,CA,7.0,rep,Democrat,M,B001287,CA-07,1,"Bera, Ami",D,1.0,1.0,R,"145,168",D,"152,133",both
391,C001094,Paul Cook,reppaulcook,CA,8.0,rep,Republican,M,C001094,CA-08,1,"Cook, Paul",R,1.0,1.0,D,"83,035",R,"136,972",both
392,S001193,Eric Swalwell,repswalwell,CA,15.0,rep,Democrat,M,S001193,CA-15,1,"Swalwell, Eric",D,1.0,1.0,R,"70,619",D,"198,578",both
393,V000129,David G. Valadao,repdavidvaladao,CA,21.0,rep,Republican,M,V000129,CA-21,1,"Valadao, David",R,1.0,1.0,D,"57,282",R,"75,126",both
394,B001285,Julia Brownley,juliabrownley26,CA,26.0,rep,Democrat,F,B001285,CA-26,1,"Brownley, Julia",D,1.0,1.0,R,"111,059",D,"169,248",both
395,C001097,Tony Cárdenas,repcardenas,CA,29.0,rep,Democrat,M,C001097,CA-29,1,"Cardenas, Tony",D,1.0,1.0,D,"43,417",D,"128,407",both
396,R000599,Raul Ruiz,congressmanruiz,CA,36.0,rep,Democrat,M,R000599,CA-36,1,"Ruiz, Raul",D,1.0,1.0,R,"88,269",D,"144,348",both
397,T000472,Mark Takano,repmarktakano,CA,41.0,rep,Democrat,M,T000472,CA-41,1,"Takano, Mark",D,1.0,1.0,R,"69,159",D,"128,164",both
398,L000579,Alan S. Lowenthal,replowenthal,CA,47.0,rep,Democrat,M,L000579,CA-47,1,"Lowenthal, Alan",D,1.0,1.0,R,"88,109",D,"154,759",both
399,V000130,Juan Vargas,repjuanvargas,CA,51.0,rep,Democrat,M,V000130,CA-51,1,"Vargas, Juan",D,1.0,1.0,R,"54,362",D,"145,162",both
400,P000608,Scott H. Peters,repscottpeters,CA,52.0,rep,Democrat,M,P000608,CA-52,1,"Peters, Scott",D,1.0,1.0,R,"139,403",D,"181,253",both
401,E000293,Elizabeth H. Esty,repesty,CT,5.0,rep,Democrat,F,E000293,CT-05,1,"Esty, Elizabeth",D,1.0,1.0,R,"129,801",D,"179,252",both
402,Y000065,Ted S. Yoho,reptedyoho,FL,3.0,rep,Republican,M,Y000065,FL-03,1,"Yoho, Ted",R,1.0,1.0,D,"136,338",R,"193,843",both
403,D000621,Ron DeSantis,repdesantis,FL,6.0,rep,Republican,M,D000621,FL-06,1,"DeSantis, Ron",R,1.0,1.0,D,"151,051",R,"213,519",both
404,M001191,Patrick Murphy,repmurphyfl,FL,18.0,rep,Democrat,M,,,,,,,,,,,,left_only
405,F000462,Lois Frankel,reploisfrankel,FL,22.0,rep,Democrat,F,F000462,FL-21,1,"Frankel, Lois",D,1.0,1.0,R,"118,038",D,"210,606",both
406,C001093,Doug Collins,repdougcollins,GA,9.0,rep,Republican,M,C001093,GA-09,0,"Collins, Doug",R,1.0,1.0,NONE,0,R,"256,535",both
407,G000571,Tulsi Gabbard,tulsipress,HI,2.0,rep,Democrat,F,G000571,HI-02,1,"Gabbard, Tulsi",D,1.0,1.0,R,"39,668",D,"170,848",both
408,D000622,Tammy Duckworth,repduckworth,IL,8.0,rep,Democrat,F,,,,,,,,,,,,left_only
409,D000619,Rodney Davis,rodneydavis,IL,13.0,rep,Republican,M,D000619,IL-13,1,"Davis, Rodney",R,1.0,1.0,D,"126,811",R,"187,583",both
410,B001286,Cheri Bustos,repcheri,IL,17.0,rep,Democrat,F,B001286,IL-17,1,"Bustos, Cheri",D,1.0,1.0,R,"113,943",D,"173,125",both
411,W000813,Jackie Walorski,repwalorski,IN,2.0,rep,Republican,F,W000813,IN-02,1,"Walorski, Jackie",R,1.0,1.0,D,"102,401",R,"164,355",both
412,B001284,Susan W. Brooks,susanwbrooks,IN,5.0,rep,Republican,F,B001284,IN-05,1,"Brooks, Susan",R,1.0,1.0,D,"123,849",R,"221,957",both
413,M001189,Luke Messer,replukemesser,IN,6.0,rep,Republican,M,M001189,IN-06,1,"Messer, Luke",R,1.0,1.0,D,"79,135",R,"204,920",both
414,B001282,Andy Barr,repandybarr,KY,6.0,rep,Republican,M,B001282,KY-06,1,"Barr, Andy",R,1.0,1.0,D,"128,728",R,"202,099",both
415,W000817,Elizabeth Warren,senwarren,MA,,sen,Democrat,F,,,,,,,,,,,,left_only
416,K000379,Joseph P. Kennedy III,repjoekennedy,MA,4.0,rep,Democrat,M,K000379,MA-04,1,"Kennedy, Joe",D,1.0,1.0,R,"113,055",D,"265,823",both
417,D000620,John K. Delaney,repjohndelaney,MD,6.0,rep,Democrat,M,D000620,MD-06,1,"Delaney, John",D,1.0,1.0,R,"133,081",D,"185,770",both
418,K000383,"Angus S. King, Jr.",senangusking,ME,,sen,Independent,M,,,,,,,,,,,,left_only
419,K000380,Daniel T. Kildee,repdankildee,MI,5.0,rep,Democrat,M,K000380,MI-05,1,"Kildee, Dan",D,1.0,1.0,R,"112,102",D,"195,279",both
420,N000127,Richard M. Nolan,usrepricknolan,MN,6.0,rep,Democrat,M,N000127,MN-08,1,"Nolan, Rick",D,1.0,1.0,R,"177,089",D,"179,098",both
421,W000812,Ann Wagner,repannwagner,MO,2.0,rep,Republican,F,W000812,MO-02,1,"Wagner, Ann",R,1.0,1.0,D,"155,689",R,"241,954",both
422,D000618,Steve Daines,stevedaines,MT,0.0,rep,Republican,M,,,,,,,,,,,,left_only
423,H001067,Richard Hudson,reprichhudson,NC,8.0,rep,Republican,M,H001067,NC-08,1,"Hudson, Richard",R,1.0,1.0,D,"133,182",R,"189,863",both
424,P000606,Robert Pittenger,reppittenger,NC,9.0,rep,Republican,M,P000606,NC-09,1,"Pittenger, Robert",R,1.0,1.0,D,"139,041",R,"193,452",both
425,M001187,Mark Meadows,repmarkmeadows,NC,11.0,rep,Republican,M,M001187,NC-11,1,"Meadows, Mark",R,1.0,1.0,D,"129,103",R,"230,405",both
426,H001065,George Holding,repholding,NC,13.0,rep,Republican,M,H001065,NC-02,1,"Holding, George",R,1.0,1.0,D,"169,082",R,"221,485",both
427,H001069,Heidi Heitkamp,senatorheitkamp,ND,,sen,Democrat,F,,,,,,,,,,,,left_only
428,C001096,Kevin Cramer,repkevincramer,ND,0.0,rep,Republican,M,C001096,ND-AL,1,"Cramer, Kevin",R,1.0,1.0,D,"80,377",R,"233,980",both
429,F000463,Deb Fischer,senatorfischer,NE,,sen,Republican,F,,,,,,,,,,,,left_only
430,K000382,Ann M. Kuster,repanniekuster,NH,2.0,rep,Democrat,F,K000382,NH-02,1,"Kuster, Annie",D,1.0,1.0,,"158,825",D,"174,371",both
431,L000580,Michelle Lujan Grisham,replujangrisham,NM,1.0,rep,Democrat,F,L000580,NM-01,1,"Lujan Grisham, Michelle",D,1.0,1.0,R,"96,879",D,"181,088",both
432,M001188,Grace Meng,repgracemeng,NY,6.0,rep,Democrat,F,M001188,NY-06,1,"Meng, Grace",D,1.0,1.0,R,"50,617",D,"136,506",both
433,J000294,Hakeem S. Jeffries,repjeffries,NY,8.0,rep,Democrat,M,J000294,NY-08,1,"Jeffries, Hakeem",D,1.0,1.0,C,"15,401",D,"214,595",both
434,M001185,Sean Patrick Maloney,repseanmaloney,NY,18.0,rep,Democrat,M,M001185,NY-18,1,"Maloney, Sean",D,1.0,1.0,R,"129,369",D,"162,060",both
435,C001092,Chris Collins,repchriscollins,NY,27.0,rep,Republican,M,C001092,NY-27,1,"Collins, Chris",R,1.0,1.0,D,"107,832",R,"220,885",both
436,W000815,Brad R. Wenstrup,repbradwenstrup,OH,2.0,rep,Republican,M,W000815,OH-02,1,"Wenstrup, Brad",R,1.0,1.0,D,"111,694",R,"221,193",both
437,B001281,Joyce Beatty,repbeatty,OH,3.0,rep,Democrat,F,B001281,OH-03,1,"Beatty, Joyce",D,1.0,1.0,R,"91,560",D,"199,791",both
438,J000295,David P. Joyce,repdavejoyce,OH,14.0,rep,Republican,M,J000295,OH-14,1,"Joyce, David",R,1.0,1.0,D,"130,907",R,"219,191",both
439,B001283,Jim Bridenstine,repjbridenstine,OK,1.0,rep,Republican,M,B001283,OK-01,1,"Bridenstine, Jim",R,1.0,1.0,,,R,,both
440,M001190,Markwayne Mullin,repmullin,OK,2.0,rep,Republican,M,M001190,OK-02,1,"Mullin, Markwayne",R,1.0,1.0,D,"62,387",R,"189,839",both
441,P000605,Scott Perry,repscottperry,PA,4.0,rep,Republican,M,P000605,PA-04,1,"Perry, Scott",R,1.0,1.0,D,"113,372",R,"220,628",both
442,R000598,Keith J. Rothfus,keithrothfus,PA,12.0,rep,Republican,M,R000598,PA-12,1,"Rothfus, Keith",R,1.0,1.0,D,"137,353",R,"221,851",both
443,C001090,Matt Cartwright,repcartwright,PA,17.0,rep,Democrat,M,C001090,PA-17,1,"Cartwright, Matt",D,1.0,1.0,R,"135,430",D,"157,734",both
444,R000597,Tom Rice,reptomrice,SC,7.0,rep,Republican,M,R000597,SC-07,1,"Rice, Tom",R,1.0,1.0,D,"112,744",R,"176,468",both
445,C001098,Ted Cruz,sentedcruz,TX,,sen,Republican,M,,,,,,,,,,,,left_only
446,W000814,Randy K. Weber Sr.,txrandy14,TX,14.0,rep,Republican,M,W000814,TX-14,1,"Weber, Randy",R,1.0,1.0,D,"99,054",R,"160,631",both
447,O000170,Beto O'Rourke,repbetoorourke,TX,16.0,rep,Democrat,M,O000170,TX-16,1,"O'Rourke, Beto",D,1.0,1.0,L,"17,491",D,"150,228",both
448,C001091,Joaquin Castro,joaquincastrotx,TX,20.0,rep,Democrat,M,C001091,TX-20,1,"Castro, Joaquin",D,1.0,1.0,L,"29,055",D,"149,640",both
449,W000816,Roger Williams,reprwilliams,TX,25.0,rep,Republican,M,W000816,TX-25,1,"Williams, Roger",R,1.0,1.0,D,"117,073",R,"180,988",both
450,V000131,Marc A. Veasey,repveasey,TX,33.0,rep,Democrat,M,V000131,TX-33,1,"Veasey, Marc",D,1.0,1.0,R,"33,222",D,"93,147",both
451,V000132,Filemon Vela,repfilemonvela,TX,34.0,rep,Democrat,M,V000132,TX-34,1,"Vela, Filemon",D,1.0,1.0,R,"62,323",D,"104,638",both
452,S001192,Chris Stewart,repchrisstewart,UT,2.0,rep,Republican,M,S001192,UT-02,1,"Stewart, Chris",R,1.0,1.0,D,"93,778",R,"170,524",both
453,K000384,Tim Kaine,senkaineoffice,VA,,sen,Democrat,M,,,,,,,,,,,,left_only
454,K000381,Derek Kilmer,repderekkilmer,WA,6.0,rep,Democrat,M,K000381,WA-06,1,"Kilmer, Derek",D,1.0,1.0,R,"126,116",D,"201,718",both
455,H001064,Denny Heck,repdennyheck,WA,10.0,rep,Democrat,M,H001064,WA-10,1,"Heck, Denny",D,1.0,1.0,R,"120,104",D,"170,460",both
456,P000607,Mark Pocan,repmarkpocan,WI,2.0,rep,Democrat,M,P000607,WI-02,1,"Pocan, Mark",D,1.0,1.0,R,"124,044",D,"273,537",both
457,K000385,Robin L. Kelly,reprobinkelly,IL,2.0,rep,Democrat,F,K000385,IL-02,1,"Kelly, Robin",D,1.0,1.0,R,"59,471",D,"235,051",both
458,S000051,Mark Sanford,repsanfordsc,SC,1.0,rep,Republican,M,S000051,SC-01,1,"Sanford, Mark",R,1.0,1.0,D,"119,799",R,"190,410",both
459,S001195,Jason Smith,repjasonsmith,MO,8.0,rep,Republican,M,S001195,MO-08,1,"Smith, Jason",R,1.0,1.0,D,"70,009",R,"229,792",both
460,B001288,Cory A. Booker,corybooker,NJ,,sen,Democrat,M,,,,,,,,,,,,left_only
461,C001101,Katherine M. Clark,repkclark,MA,5.0,rep,Democrat,F,C001101,MA-05,1,"Clark, Katherine",D,1.0,1.0,Write in,"4,201",D,"285,606",both
462,B001289,Bradley Byrne,repbyrne,AL,1.0,rep,Republican,M,B001289,AL-01,0,"Byrne, Bradley",R,1.0,1.0,write in,"7,810",R,"208,083",both
463,J000296,David W. Jolly,usrepdavidjolly,FL,13.0,rep,Republican,M,J000296,FL-13,1,"Jolly, David",R,1.0,0.0,R,"171,149",D,"184,693",both
464,C001102,Curt Clawson,repcurtclawson,FL,19.0,rep,Republican,M,,,,,,,,,,,,left_only
465,B001290,Dave Brat,repdavebrat,VA,7.0,rep,Republican,M,B001290,VA-07,1,"Brat, Dave",R,1.0,1.0,D,"160,159",R,"218,057",both
466,N000188,Donald Norcross,donaldnorcross,NJ,1.0,rep,Democrat,M,N000188,NJ-01,1,"Norcross, Donald",D,1.0,1.0,R,"112,388",D,"183,231",both
467,A000370,Alma S. Adams,repadams,NC,12.0,rep,Democrat,F,A000370,NC-12,1,"Adams, Alma",D,1.0,1.0,R,"115,185",D,"234,115",both
468,D000613,Robert J. Dold,repdold,IL,10.0,rep,Republican,M,,,,,,,,,,,,left_only
469,G000570,Frank C. Guinta,repfrankguinta,NH,1.0,rep,Republican,M,,,,,,,,,,,,left_only
470,P000609,Gary J. Palmer,usrepgarypalmer,AL,6.0,rep,Republican,M,P000609,AL-06,1,"Palmer, Gary",R,1.0,1.0,D,"83,709",R,"245,313",both
471,H001072,J. French Hill,repfrenchhill,AR,2.0,rep,Republican,M,H001072,AR-02,1,"Hill, French",R,1.0,1.0,D,"111,347",R,"176,472",both
472,W000821,Bruce Westerman,repwesterman,AR,4.0,rep,Republican,M,W000821,AR-04,1,"Westerman, Bruce",R,1.0,1.0,L,"61,274",R,"182,885",both
473,M001197,Martha McSally,repmcsally,AZ,2.0,rep,Republican,F,M001197,AZ-02,1,"McSally, Martha",R,1.0,1.0,D,"135,873",R,"179,806",both
474,G000574,Ruben Gallego,reprubengallego,AZ,7.0,rep,Democrat,M,G000574,AZ-07,1,"Gallego, Ruben",D,1.0,1.0,R,"39,286",D,"119,465",both
475,D000623,Mark DeSaulnier,repdesaulnier,CA,11.0,rep,Democrat,M,D000623,CA-11,1,"DeSaulnier, Mark",D,1.0,1.0,R,"83,341",D,"214,868",both
476,K000387,Stephen Knight,steveknight25,CA,25.0,rep,Republican,M,K000387,CA-25,1,"Knight, Steve",R,1.0,1.0,D,"122,406",R,"138,755",both
477,A000371,Pete Aguilar,reppeteaguilar,CA,31.0,rep,Democrat,M,A000371,CA-31,1,"Aguilar, Pete",D,1.0,1.0,R,"94,866",D,"121,070",both
478,L000582,Ted Lieu,reptedlieu,CA,33.0,rep,Democrat,M,L000582,CA-33,1,"Lieu, Ted",D,1.0,1.0,R,"110,822",D,"219,397",both
479,T000474,Norma J. Torres,normajtorres,CA,35.0,rep,Democrat,F,T000474,CA-35,1,"Torres, Norma",D,1.0,1.0,R,"47,309",D,"124,044",both
480,W000820,Mimi Walters,repmimiwalters,CA,45.0,rep,Republican,F,W000820,CA-45,1,"Walters, Mimi",R,1.0,1.0,D,"129,231",R,"182,618",both
481,B001297,Ken Buck,repkenbuck,CO,4.0,rep,Republican,M,B001297,CO-04,1,"Buck, Ken",R,1.0,1.0,D,"123,642",R,"248,230",both
482,G000575,Gwen Graham,repgwengraham,FL,2.0,rep,Democrat,F,,,,,,,,,,,,left_only
483,C001107,Carlos Curbelo,repcurbelo,FL,26.0,rep,Republican,M,C001107,FL-26,1,"Curbelo, Carlos",R,1.0,1.0,D,"115,493",R,"148,547",both
484,C001103,"Earl L. ""Buddy"" Carter",repbuddycarter,GA,1.0,rep,Republican,M,C001103,GA-01,1,"Carter, Buddy",R,1.0,1.0,NONE,0,R,"210,243",both
485,H001071,Jody B. Hice,congressmanhice,GA,10.0,rep,Republican,M,H001071,GA-10,0,"Hice, Jody",R,1.0,1.0,NONE,0,R,"243,725",both
486,L000583,Barry Loudermilk,reploudermilk,GA,11.0,rep,Republican,M,L000583,GA-11,1,"Loudermilk, Barry",R,1.0,1.0,D,"105,383",R,"217,935",both
487,A000372,Rick W. Allen,reprickallen,GA,12.0,rep,Republican,M,A000372,GA-12,1,"Allen, Rick",R,1.0,1.0,D,"99,420",R,"159,492",both
488,B001294,Rod Blum,reprodblum,IA,1.0,rep,Republican,M,B001294,IA-01,1,"Blum, Rod",R,1.0,1.0,D,"177,403",R,"206,903",both
489,Y000066,David Young,repdavidyoung,IA,3.0,rep,Republican,M,Y000066,IA-03,`,"Young, David",R,1.0,1.0,D,"155,002",R,"208,598",both
490,B001295,Mike Bost,repbost,IL,12.0,rep,Republican,M,B001295,IL-12,1,"Bost, Mike",R,1.0,1.0,D,"124,246",R,"169,976",both
491,A000374,Ralph Lee Abraham,repabraham,LA,5.0,rep,Republican,M,A000374,LA-05,1,"Abraham, Ralph",R,1.0,1.0,R,"47,117",R,"208,545",both
492,G000577,Garret Graves,repgarretgraves,LA,6.0,rep,Republican,M,G000577,LA-06,1,"Graves, Garret",R,1.0,1.0,D,"49,380",R,"207,483",both
493,M001196,Seth Moulton,teammoulton,MA,6.0,rep,Democrat,M,M001196,MA-06,1,"Moulton, Seth",D,1.0,1.0,Write in,"5,132",D,"308,923",both
494,P000611,Bruce Poliquin,reppoliquin,ME,2.0,rep,Republican,M,P000611,ME-02,1,"Poliquin, Bruce",R,1.0,1.0,D,"159,081",R,"192,878",both
495,M001194,John R. Moolenaar,repmoolenaar,MI,4.0,rep,Republican,M,M001194,MI-04,1,"Moolenaar, John",R,1.0,1.0,D,"101,277",R,"194,572",both
496,B001293,Mike Bishop,repmikebishop,MI,8.0,rep,Republican,M,B001293,MI-08,1,"Bishop, Mike",R,1.0,1.0,D,"143,791",R,"205,629",both
497,T000475,David A. Trott,repdavetrott,MI,11.0,rep,Republican,M,T000475,MI-11,1,"Trott, Dave",R,1.0,1.0,D,"152,461",R,"200,872",both
498,D000624,Debbie Dingell,repdebdingell,MI,12.0,rep,Democrat,F,D000624,MI-12,1,"Dingell, Debbie",D,1.0,1.0,R,"96,104",D,"211,378",both
499,L000581,Brenda L. Lawrence,replawrence,MI,14.0,rep,Democrat,F,L000581,MI-14,1,"Lawrence, Brenda",D,1.0,1.0,R,"58,103",D,"244,135",both
500,E000294,Tom Emmer,reptomemmer,MN,6.0,rep,Republican,M,E000294,MN-06,1,"Emmer, Tom",R,1.0,1.0,D,"123,008",R,"235,380",both
501,Z000018,Ryan K. Zinke,repryanzinke,MT,0.0,rep,Republican,M,Z000018,MT-AL,1,"Zinke, Ryan",R,1.0,1.0,D,"205,919",R,"285,358",both
502,R000603,David Rouzer,repdavidrouzer,NC,7.0,rep,Republican,M,R000603,NC-07,1,"Rouzer, David",R,1.0,1.0,D,"135,905",R,"211,801",both
503,A000373,Brad Ashford,repbradashford,NE,2.0,rep,Democrat,M,,,,,,,,,,,,left_only
504,M001193,Thomas MacArthur,reptommacarthur,NJ,3.0,rep,Republican,M,M001193,NJ-03,1,"MacArthur, Tom",R,1.0,1.0,D,"127,526",R,"194,596",both
505,W000822,Bonnie Watson Coleman,repbonnie,NJ,12.0,rep,Democrat,F,W000822,NJ-12,1,"Watson Coleman, Bonnie",D,1.0,1.0,R,"92,407",D,"181,430",both
506,H001070,Cresent Hardy,rephardy,NV,4.0,rep,Republican,M,,,,,,,,,,,,left_only
507,Z000017,Lee M. Zeldin,repleezeldin,NY,1.0,rep,Republican,M,Z000017,NY-01,1,"Zeldin, Lee",R,1.0,1.0,D,"135,278",R,"188,499",both
508,R000602,Kathleen M. Rice,repkathleenrice,NY,4.0,rep,Democrat,F,R000602,NY-04,1,"Rice, Kathleen",D,1.0,1.0,R,"126,438",D,"186,423",both
509,S001196,Elise M. Stefanik,repstefanik,NY,21.0,rep,Republican,F,S001196,NY-21,1,"Stefanik, Elise",R,1.0,1.0,D,"82,161",R,"177,886",both
510,K000386,John Katko,repjohnkatko,NY,24.0,rep,Republican,M,K000386,NY-24,1,"Katko, John",R,1.0,1.0,D,"119,040",R,"182,761",both
511,R000604,Steve Russell,reprussell,OK,5.0,rep,Republican,M,R000604,OK-05,1,"Russell, Steve",R,1.0,1.0,D,"103,273",R,"160,184",both
512,C001106,Ryan A. Costello,repryancostello,PA,6.0,rep,Republican,M,C001106,PA-06,1,"Costello, Ryan",R,1.0,1.0,D,"155,000",R,"207,469",both
513,B001296,Brendan F. Boyle,repbrendanboyle,PA,13.0,rep,Democrat,M,B001296,PA-13,0,"Boyle, Brendan",D,1.0,1.0,NONE,0,D,"239,316",both
514,R000601,John Ratcliffe,repratcliffe,TX,4.0,rep,Republican,M,R000601,TX-04,1,"Ratcliffe, John",R,1.0,1.0,L,"29,577",R,"216,643",both
515,H001073,Will Hurd,hurdonthehill,TX,23.0,rep,Republican,M,H001073,TX-23,1,"Hurd, Will",R,1.0,1.0,D,"107,526",R,"110,577",both
516,B001291,Brian Babin,repbrianbabin,TX,36.0,rep,Republican,M,B001291,TX-36,1,"Babin, Brian",R,1.0,1.0,G,"24,890",R,"193,675",both
517,L000584,Mia B. Love,repmialove,UT,4.0,rep,Republican,F,L000584,UT-04,1,"Love, Mia",R,1.0,1.0,D,"113,413",R,"147,597",both
518,B001292,Donald S. Beyer Jr.,repdonbeyer,VA,8.0,rep,Democrat,M,B001292,VA-08,1,"Beyer, Don",D,1.0,1.0,R,"98,387",D,"246,653",both
519,C001105,Barbara Comstock,repcomstock,VA,10.0,rep,Republican,F,C001105,VA-10,1,"Comstock, Barbara",R,1.0,1.0,D,"187,712",R,"210,791",both
520,P000610,Stacey E. Plaskett,staceyplaskett,VI,0.0,rep,Democrat,F,,,,,,,,,,,,left_only
521,N000189,Dan Newhouse,repnewhouse,WA,4.0,rep,Republican,M,N000189,WA-04,1,"Newhouse, Dan",R,1.0,1.0,R,"97,402",R,"132,517",both
522,G000576,Glenn Grothman,repgrothman,WI,6.0,rep,Republican,M,G000576,WI-06,1,"Grothman, Glenn",R,1.0,1.0,D,"133,072",R,"204,147",both
523,M001195,Alexander X. Mooney,repalexmooney,WV,2.0,rep,Republican,M,M001195,WV-02,1,"Mooney, Alex",R,1.0,1.0,D,"101,207",R,"140,807",both
524,J000297,Evan H. Jenkins,repevanjenkins,WV,3.0,rep,Republican,M,J000297,WV-03,1,"Jenkins, Evan",R,1.0,1.0,D,"49,708",R,"140,741",both
525,R000600,Aumua Amata Coleman Radewagen,repamata,AS,0.0,rep,Republican,F,,,,,,,,,,,,left_only
526,S001198,Daniel Sullivan,sendansullivan,AK,,sen,Republican,M,,,,,,,,,,,,left_only
527,P000612,David Perdue,sendavidperdue,GA,,sen,Republican,M,,,,,,,,,,,,left_only
528,E000295,Joni Ernst,senjoniernst,IA,,sen,Republican,F,,,,,,,,,,,,left_only
529,T000476,Thom Tillis,senthomtillis,NC,,sen,Republican,M,,,,,,,,,,,,left_only
530,R000605,Mike Rounds,senatorrounds,SD,,sen,Republican,M,,,,,,,,,,,,left_only
531,W000819,Mark Walker,repmarkwalker,NC,6.0,rep,Republican,M,W000819,NC-06,1,"Walker, Mark",R,1.0,1.0,D,"143,167",R,"207,983",both
532,S001197,Ben Sasse,sensasse,NE,,sen,Republican,M,,,,,,,,,,,,left_only
533,D000625,Daniel M. Donovan Jr.,repdandonovan,NY,11.0,rep,Republican,M,D000625,NY-11,1,"Donovan, Dan",R,1.0,1.0,D,"85,257",R,"142,934",both
534,K000388,Trent Kelly,reptrentkelly,MS,1.0,rep,Republican,M,K000388,MS-01,1,"Kelly, Trent",R,1.0,1.0,D,"83,947",R,"206,455",both
535,L000585,Darin LaHood,replahood,IL,18.0,rep,Republican,M,L000585,IL-18,1,"LaHood, Darin",R,1.0,1.0,D,"96,770",R,"250,506",both
